"review_id","analysis_name","k","theta","se","tau2","i2","p_value","significant","median_n","se_typical","p_rep","p_classical","rep_gap"
"CD000028_pub4","All-cause mortality",35,-0.0886252534638483,0.0341005617447925,0.0138392847529781,41.5610756680385,0.00935125996572423,TRUE,877,0.16316341098291,0.125229761370449,0.0782713904719581,-0.0469583708984913
"CD000143_pub2","Extubation failure",47,-0.438723918814255,0.0714056190631933,0.0958333669230931,46.5382282037835,8.04135247135307e-10,TRUE,59,0.342592490766053,0.307108981936008,0.248453608988805,-0.0586553729472035
"CD000219_pub5","Pain",27,-0.238810512595318,0.0551502721900442,0.0259254459645961,41.3503693845446,1.48988648405859e-05,TRUE,225,0.273615963548858,0.174385989774612,0.138480960731161,-0.0359050290434512
"CD000478_pub5","Failure to maintain remission",26,-0.387056290168252,0.0580339781863499,0,0,2.56716383198844e-11,TRUE,25,0.466310856265122,0.129253959761476,0.129253959761476,0
"CD000547_pub3","Uterine volume (mL) (preoperative)",2,3.27340901389235,0.453541895937583,0.266491223965895,62.962112832734,5.29774234084325e-13,TRUE,75,0.38510544704285,0.999953967411323,0.999999999969255,4.60325579313414e-05
"CD001155_pub3","Clinical vertebral fractures",93,-0.313106182386033,0.0697209340656532,0.123927718666638,46.5563977527147,7.09398543246024e-06,TRUE,178,0.779597650814173,0.0777669948112117,0.0595764980132494,-0.0181904967979622
"CD001321_pub7","Symptomatic UTI: culture-verified UTI",99,-0.321411340364657,0.0444570498926072,0.0871430407659165,62.0287802312507,4.84045570702929e-13,TRUE,176,0.363170439811928,0.202100086532478,0.14119881763429,-0.0609012688981876
"CD001396_pub4","Self-rated overall premenstrual symptoms",3,-0.337382808231666,0.26301431125062,5.95370083688248e-06,0.00247179000184397,0.199578076877797,FALSE,112,0.397125603587519,0.133417428040371,0.133412914229562,-4.51381080840418e-06
"CD001431_pub6","Informed values-choice congruence - all studies",297,0.988998559658137,0.0813219239721292,1.80795634481593,99.6390384301362,4.98202584948365e-34,TRUE,180,0.231293993490842,0.652699708719447,0.989720130724031,0.337020422004584
"CD001533_pub7","Number with frequent relapses by 12 to 24 months",38,-0.20204431508093,0.0600954628209352,0.0641051900496096,60.2097287801666,0.000773644147778562,TRUE,67,0.258479796125348,0.199963199757474,0.119338489017605,-0.0806247107398686
"CD001552_pub3","Clinical improvement at short-term follow-up: 3 months or less",7,-0.0488023162166443,0.171878872042487,0.162017093415804,86.3576702313015,0.776460690031605,FALSE,101,0.154987239761874,0.277216597287406,0.0499762026271814,-0.227240394660224
"CD001797_pub4","Significant improvement in disability within 6 weeks",7,0.618669102107456,0.240325254335326,0.155704008980818,45.0429378598538,0.0100443380566688,TRUE,45,0.663131357799682,0.188731749960173,0.152207188739053,-0.0365245612211204
"CD001837_pub4","Quit at longest follow-up (6 + months)",110,0.225746127029651,0.0256622011317872,0.0244408777740282,41.4036653606956,1.40730077265629e-18,TRUE,209,0.231003250260335,0.207862721495052,0.16287219572031,-0.0449905257747418
"CD001909_pub4","≥ 50% reduction in seizure frequency (intention-to-treat analysis)",47,0.507733625733963,0.0932109117475388,0.113799428899354,39.4589118782252,5.11838908482644e-08,TRUE,81,0.671274836941175,0.141090939521321,0.114373698343471,-0.0267172411778501
"CD001920_pub4","Independence in ADL scales",140,0.375639927700722,0.0599472029071159,0.421867446897386,93.4424141212972,3.70014037649464e-10,TRUE,79.5,0.215473652999583,0.472807441351524,0.414243624004922,-0.058563817346602
"CD002042_pub6","Participants exposed to blood transfusion (all trials)",57,-0.537264168581629,0.054802450993644,0.151221629251346,97.5073525990777,1.08586913701138e-22,TRUE,162,0.117397977091797,0.77523153582654,0.995557799922548,0.220326264096009
"CD002052_pub4","Hypotension",3,0.619156884228731,0.666527231465736,0.485937833432303,29.7288685909781,0.352925564248097,FALSE,60,1.3904428977668,0.087863116114828,0.064928091160671,-0.022935024954157
"CD002112_pub2","Mean number of wet nights at the end of treatment",4,0.338666165262089,0.218776921773838,0,0,0.121622857372457,FALSE,65,0.575603085552539,0.0850945489598442,0.0850945489598441,-5.55111512312578e-17
"CD002122_pub3","Pain (visual analogue scale)&nbsp;",29,-0.184319520573709,0.0845920006822949,0.135505214950048,95.2684964576228,0.0293373320348137,TRUE,112,0.161107199143395,0.371787766500537,0.207283239643521,-0.164504526857016
"CD002203_pub5","FEV1 % predicted (mean change from baseline)",3,1.6915862164403,0.285203283751861,0,0,3.0080250124923e-09,TRUE,177,0.663035581023821,0.722844032711767,0.722844032711767,0
"CD002243_pub5","28-day all-cause mortality",74,-0.0934356537011661,0.0215274490968707,4.22298758198986e-06,0.0115202024957117,1.4228632638524e-05,TRUE,103,0.32054255253772,0.0476144547899356,0.0476110542152442,-3.40057469138538e-06
"CD002290_pub6","Relapse",88,-0.403413902206487,0.062537479499586,0.215153480423863,81.2769657527304,1.11294958011885e-10,TRUE,48,0.325715297136654,0.339225277228796,0.235326686923805,-0.103898590304991
"CD002303_pub4","Reulceration at 6 months",8,0.193012892905151,0.182259379332237,0.200843821337137,87.6496645408341,0.289599254501117,FALSE,212,0.220484405754622,0.316048550935806,0.13905825502674,-0.176990295909066
"CD002971_pub6","Necrotising enterocolitis",10,-0.683831424438433,0.242121398804094,0.118730628344071,22.1013376914457,0.00473791511621847,TRUE,162.5,0.944888284420484,0.122733384420803,0.108183328394983,-0.0145500560258193
"CD003129_pub2","Treatment response",4,0.445049891452276,0.12892744635071,0,0,0.000556570159516501,TRUE,110.5,0.253784763233295,0.418273199212308,0.418273199212308,-5.55111512312578e-17
"CD003216_pub3","Incidence of pressure ulcers",21,0.0365724581069804,0.0845275925279835,0.0358734286013225,33.0912534414837,0.66525534701795,FALSE,88,0.401462764260043,0.0454941934574476,0.0308207314631385,-0.014673461994309
"CD003218_pub3","Mean improvement in the Maintenance of Wakefulness Test",2,1.6857333696162,0.280196931061724,0,0,1.78509400581747e-09,TRUE,43,0.754210771249812,0.608392537012187,0.608392537012187,0
"CD003331_pub6","All-cause mortality up to 12 months' follow-up",35,-0.0756035963664822,0.134944407285178,0,0,0.575303912344419,FALSE,79,1.20535822745329,0.0288980651665518,0.0288980651665518,0
"CD003333_pub4","All-cause mortality",5,-0.00959317717886399,0.05631770993627,0,0,0.86474249757008,FALSE,1063,0.133206562827818,0.0295165542534895,0.0295165542534895,0
"CD003357_pub5","Live birth rate per woman",10,0.720189226969083,0.206005936343448,0.226004774065621,61.5288364102407,0.000472353369984395,TRUE,114.5,0.438633607768315,0.414614966317572,0.375215353298653,-0.0393996130189196
"CD003376_pub4","Clinical vertebral fractures",55,-0.0857776302185178,0.0961977670916736,0,0,0.372564447183925,FALSE,78,1.3731780634491,0.0288811553631462,0.0288811553631462,0
"CD003414_pub4","Live birth rate per woman",19,0.0397961336966201,0.0712428931072802,1.44847018244891e-07,0.000148267424959541,0.576436142715009,FALSE,230,0.325259404050391,0.0330598924203129,0.0330597996696337,-9.27506791231769e-08
"CD003451_pub3","Overjet",12,1.30223592190472,0.200214402171848,0.414932290882591,97.2123261585798,7.81042714059171e-11,TRUE,30.5,0.133602450144857,0.943113221165953,0.999999999999997,0.0568867788340433
"CD003511_pub6","Miscarriage (all trials)",8,-0.149170039349532,0.126149616469813,0.019741001981702,13.52124913764,0.237013282068239,FALSE,52,0.470952085489776,0.0576697340708385,0.0501684479954058,-0.00750128607543275
"CD003519_pub5","Exclusive breastfeeding at hospital discharge to 1 month post birth",58,0.257860583143459,0.0252426266483108,0.0142220498302297,54.0615214803571,1.69383577847967e-24,TRUE,92,0.179607227031479,0.331142294361687,0.300044542960774,-0.0310977514009125
"CD003594_pub7","Complete remission",44,0.346217609871514,0.0813001677113121,0.0912536956087531,41.1539325354537,2.05793645330864e-05,TRUE,32,0.463387071532685,0.154815498843245,0.112599631727447,-0.0422158671157975
"CD003598_pub3","All-cause death",37,0.2472205793002,0.206731730033895,0.578309496468688,72.113495973647,0.231754269369409,FALSE,97,1.37840664982528,0.0594887455295108,0.0374879652605262,-0.0220007802689846
"CD003774_pub5","CMV disease",134,-0.727818986257565,0.0559187448749877,0.134765418159078,43.1154306709024,9.96863049086869e-39,TRUE,93.5,0.531162150280047,0.313790710782007,0.277687453266318,-0.0361032575156895
"CD003962_pub3","Kidney failure or doubling of serum creatinine",9,0.627083936397136,0.110845368528047,1.14025533403212e-06,0.000686909160486053,1.53785505275565e-08,TRUE,45,0.924210987529996,0.100016809171993,0.100016659044787,-1.50127206374751e-07
"CD004184_pub3","All-cause mortality",2,-0.70675332576653,0.864452865513118,0,0,0.413601047873008,FALSE,735,1.22252096644094,0.0835084869226646,0.0835084869226646,0
"CD004307_pub7","Smoking cessation (subgrouped by when incentives were provided)",55,0.493875366145934,0.0673675606715206,0.0559531015911689,31.3247054616446,2.28346057234731e-13,TRUE,159,0.537708520322918,0.170215079256651,0.14882585540046,-0.0213892238561916
"CD004376_pub4","Knee pain severity immediately post-intervention",4,-0.604230761660472,0.230283569848151,0,0,0.00869407166919507,TRUE,87,0.60237135740151,0.16931462596166,0.16931462596166,2.77555756156289e-17
"CD004406_pub6","Resolution of symptoms post-treatment (ITT analysis)",17,-0.130284406967249,0.0723206911503325,0.0172517396906902,20.6024315571397,0.0716269775258128,FALSE,244,0.291036065729647,0.0840350793300445,0.0652279252355022,-0.0188071540945423
"CD004417_pub6","Number of participants with pain on days 3 to 6: delayed versus immediate antibiotics",55,-0.88537174052649,0.298684074422333,4.57475311538298,96.4560348322626,0.00303430016726681,TRUE,265,0.406365741146059,0.516287472188761,0.586593912672675,0.0703064404839139
"CD004508_pub5","Postoperative ileus",3,-0.684648354543455,0.444883091404035,0,0,0.123818961300501,FALSE,139,0.849227153537009,0.124298815412605,0.124298815412605,0
"CD004661_pub4","Death (fetal, neonatal, or later (up to 2 years' corrected age))",49,-0.045725420151829,0.0366007027060274,0.00496889549585865,8.17223427604518,0.211553747055459,FALSE,688,0.335742939460749,0.0371421946941692,0.03409325694664,-0.00304893774752915
"CD004667_pub6","Spontaneous vaginal birth (as defined by trial authors)",60,0.0502254738886677,0.0048829609736964,8.99755814587085e-07,0.0619358001780512,8.1606600971667e-25,TRUE,980,0.03851450890368,0.256008959797158,0.255944985464227,-6.39743329318154e-05
"CD004703_pub3","Serious adverse events",10,-0.0874421444952636,0.416336974583501,0,0,0.833646339957269,FALSE,64,1.53338861739392,0.0285242816781936,0.0285242816781936,1.38777878078145e-17
"CD004736_pub6","Maternal anaemia at term (Hb less than 110 g/L at 37 weeks' gestation or more) (ALL)",37,-1.08058389196722,0.127359565666544,0.35694816234263,85.9971949922628,2.16624031431497e-17,TRUE,149,0.419788092380238,0.637986081519189,0.730443069702291,0.0924569881831028
"CD004904_pub4","Postpartum endometritis",4,0.00504370642386985,0.35184903549949,0,0,0.98856282877353,FALSE,233.5,1.14389041546839,0.0252588152036961,0.0252588152036961,-1.38777878078145e-17
"CD004925_pub4","Urine leak and obstruction",31,-1.06260276597549,0.174711751041038,0,0,1.18667581930498e-09,TRUE,108,1.43552504425655,0.111280762019192,0.111280762019192,2.77555756156289e-17
"CD004953_pub5","Death in the delivery room",5,0.105237176074542,0.4549580374927,0.270353267278776,25.3963649036649,0.81707255712483,FALSE,25,1.42594952034732,0.0381945807104485,0.0296365293521147,-0.00855805135833378
"CD004992_pub4","Recurrence of pelvic pain",4,-1.87505085416558,0.360072180049066,0.130720543235843,24.687732748023,1.91473512564921e-07,TRUE,70,0.671757361215141,0.767918120152797,0.797097376913049,0.0291792567602525
"CD005133_pub4","All symptomatic CMV disease",17,-0.457193879402595,0.298766293844732,0.783409630500914,65.046032045731,0.125949262449998,FALSE,70,0.880991252557746,0.154678493358558,0.0747909221946829,-0.0798875711638755
"CD005187_pub6","Influenza",4,-0.116502773155624,0.25364737737945,0,0,0.646011578281551,FALSE,279,0.669475481353426,0.0370542427379755,0.0370542427379755,0
"CD005343_pub7","Overall survival",4,-0.0389732294650007,0.0570534783614349,0,0,0.494543673197034,FALSE,425.5,0.118299846407935,0.0514958714627418,0.0514958714627418,2.08166817117217e-17
"CD005495_pub5","Cognitive outcome in infancy - Developmental Quotient",22,-0.227295990059898,0.114305355598506,0.137582414259133,67.8106031575027,0.0467566215549621,TRUE,77,0.537413946043198,0.102940214306156,0.0621442046144867,-0.0407960096916692
"CD005582_pub5","The presence of PHN six months after the onset of acute herpetic rash",2,-0.0594089606141582,0.378862273549069,0,0,0.875395491214566,FALSE,57,0.676922857715829,0.0305894198429841,0.0305894198429841,1.38777878078145e-17
"CD005595_pub4","Activity limitation (using OMAS; at the end of treatment)",10,1.1709740311931,0.453292017256543,1.65773788211749,89.7917376065414,0.00978697233606193,TRUE,110,0.584352166507325,0.507240956164354,0.517515970387678,0.0102750142233239
"CD005951_pub5","Death or dependence (mRS 4–6) at day 90",14,-0.0100405985152815,0.0541065395504426,0.0135497225125338,45.9664059947194,0.852781286093499,FALSE,64,0.199527145666582,0.0495263349093978,0.0280896606389135,-0.0214366742704843
"CD006023_pub4","Death (all causes)",84,-0.349869241249668,0.133227809554908,0.704530096393464,85.4057413496607,0.00863700284217597,TRUE,117,1.11871813330038,0.0938196520243154,0.0497561301818057,-0.0440635218425097
"CD006027_pub3","Pain (change from baseline in pain score (VAS-10 cm) at 30 minutes)",10,0.0683552867476843,0.151709277417289,0.143725356093549,79.9568657517046,0.652301214461426,FALSE,140.5,0.204537808411871,0.220071957387622,0.0519992866682088,-0.168072670719413
"CD006124_pub3","Analgesia requirements",8,-0.252280286835606,0.193571827153487,0,0,0.192475667635215,FALSE,84,0.958556461282322,0.044869483622194,0.044869483622194,-1.38777878078145e-17
"CD006140_pub3","Any illicit opioid use (urine drug screen)",9,-0.225693586333127,0.0905393629917345,0.0489067970671974,77.3884780029189,0.012675179486702,TRUE,100,0.138855473656798,0.429395438734292,0.368971301880886,-0.0604241368534067
"CD006182_pub3","Mortality or NDI at 18-24 months",20,0.370160381385991,0.171553388029015,0.404619491645349,90.0978187349864,0.0309513290191946,TRUE,92,0.291778069074414,0.386583269473142,0.244679960396847,-0.141903309076296
"CD006185_pub6","Independent walking at end of intervention phase, all electromechanical devices used (critical outcome)",223,0.5012273997704,0.0556131423779751,0.187180554909715,30.6689103577452,2.00951316471227e-19,TRUE,45,0.702037931438308,0.144401631924708,0.106381570306998,-0.0380200616177107
"CD006257_pub2","Death: any cause",62,-0.102388864099899,0.106504520334342,0.279253854214334,75.4078783636947,0.336372706761889,FALSE,74,0.75936574836621,0.0670559632745392,0.033990762085209,-0.0330652011893301
"CD006273_pub4","Adverse events",2,2.24174555585846,1.08009222752663,0,0,0.0379390070248072,TRUE,121,1.53258655959264,0.309508628829676,0.309508628829676,5.55111512312578e-17
"CD006404_pub5","Total failure: day 28 (polymerase chain reaction-adjusted)",17,-0.593256660491033,0.261031934222975,0.225536857185859,21.3673026735298,0.0230420969791693,TRUE,413,1.15033647529535,0.0909463943196019,0.0743358055987751,-0.0166105887208268
"CD006475_pub3","Asthma by 2 years of age",13,-0.0610240533384242,0.0783378004930289,0.00711293874114714,8.79582723897441,0.435987935567033,FALSE,188,0.39580529238013,0.0386863513471124,0.0354758058410219,-0.00321054550609048
"CD006536_pub5","All-cause mortality",251,-0.239803315713457,0.0739890189501508,0,0,0.00119083485210906,TRUE,69,1.54109815206125,0.0355875617531659,0.0355875617531659,-6.93889390390723e-18
"CD006606_pub5","Live birth – low risk of bias (odds ratio, random-effect)",2,-0.745077989635533,0.520954548371302,0.4931263839314,90.8396742533953,0.152654781727842,FALSE,369.5,0.222588576133562,0.662466679395931,0.917335299782329,0.254868620386398
"CD006632_pub3","Inhospital mortality",11,-0.217176696815152,0.146503074929642,0.12151473465056,60.4117227924439,0.13823291646273,FALSE,509,0.30070010058002,0.209413817160684,0.107908629239906,-0.101505187920778
"CD006689_pub3","Maternal peripheral parasitaemia at delivery (amplification techniques)",17,-0.677654669161011,0.120015224652393,0.0288735329793546,12.1429844431009,1.63836800903235e-08,TRUE,250,0.52629267766115,0.261138054600376,0.250676133985726,-0.0104619206146504
"CD006714_pub3","Abortion completed with intended method (defined as fetal expulsion)",3,-0.000596357491851424,0.0110832205479414,0,0,0.957088742352735,FALSE,110,0.0180157192755391,0.0269984201023374,0.0269984201023374,-2.42861286636753e-17
"CD006742_pub3","All-Cause Mortality",4,-0.1568078436901,0.159516646356573,0.00544254968256525,3.15486735958973,0.325598243350006,FALSE,1422,0.463087657996496,0.0546707911890812,0.0524712724986167,-0.0021995186904645
"CD006839_pub5","Proportion of participants with clinical improvement in function compared to baseline",7,-0.0364131302361173,0.0479509233315911,0,0,0.447623302491223,FALSE,56,0.124905736979102,0.0476142956862755,0.0476142956862755,0
"CD006913_pub3","Quality of life (short-term) -  psychotherapy vs care-as-usual, with Xiao",16,0.0843630384185199,0.188887481806988,0.402088381590832,84.2521359890758,0.655141380800796,FALSE,83,0.433835773008798,0.159403312178958,0.0387394216948683,-0.120663890484089
"CD006919_pub5","Live birth/ongoing pregnancies primary analysis",14,0.0478377006881852,0.142991990003744,0.0518357996240488,18.6673395630135,0.737965989891384,FALSE,104.5,0.455336349293486,0.0485511635066813,0.0318049794577716,-0.0167461840489097
"CD006942_pub4","Live birth or ongoing pregnancy rate per couple",18,-0.0928140762152879,0.130988779310495,0.109507734507573,41.3204271618603,0.478594406434587,FALSE,164.5,0.429920111207109,0.083475353198588,0.0405728157548648,-0.0429025374437232
"CD007024_pub3","Frequency of cocaine use",4,-0.204030115983055,0.268671859732649,0,0,0.447611742754666,FALSE,43.5,0.57080703966529,0.0545200581286718,0.0545200581286718,0
"CD007026_pub7","All-cause death",14,-0.055487132191318,0.139510316455271,0,0,0.69083083790865,FALSE,119,0.68292308522287,0.0301417417812989,0.0301417417812989,0
"CD007079_pub4","Preterm birth < 37 weeks' gestation",18,-0.0240971319926634,0.0182568552019828,7.0953196610338e-07,0.0076097292596178,0.186870075442222,FALSE,487,0.321565071219546,0.0297135360635831,0.0297130995103543,-4.36553228847641e-07
"CD007110_pub4","All trials",24,-0.326562647952957,0.1878799919828,0.382112155704162,60.7968037155718,0.0821852868470107,FALSE,420,0.702188350367466,0.130918039024061,0.067470296392778,-0.0634477426312826
"CD007130_pub5","Total mortality",7,0.167340694755262,0.313576806087879,0,0,0.593582754517744,FALSE,104,1.10027545531424,0.0353130437011827,0.0353130437011827,0
"CD007156_pub3","Interincisal distance (mm)",12,1.44296593237854,0.245753913525642,0.642239063209226,98.539905353627,4.31638220135099e-09,TRUE,106,0.172082933209765,0.911323829475731,0.999999999934208,0.0886761704584774
"CD007310_pub3","Procedure time (minutes)",3,0.908471107689676,0.262303098511683,0.0640968274091202,29.0550400436318,0.000533315035347695,TRUE,67,0.345967605956183,0.704503899167628,0.747269170186721,0.0427652710190936
"CD007374_pub3","Death",6,-0.177813562935448,0.38103562091127,0,0,0.640744128642311,FALSE,110,0.98162534341197,0.0376344745904017,0.0376344745904017,0
"CD007388_pub3","Recurrence of convulsion",6,0.391800454239705,0.365446844668142,0,0,0.283669106902868,FALSE,108.5,1.19945397524598,0.0512013845452997,0.0512013845452997,0
"CD007491_pub3","Mortality at 3 months using IPD",3,-0.113960407480402,0.246549582675865,2.11967204281925e-06,0.000540528601348186,0.643922807917466,FALSE,147,0.626999945313992,0.037685166707675,0.037684773183717,-3.93523958037989e-07
"CD007569_pub4","Return to work",19,0.153647108007201,0.0503797139755164,0.0114091502637352,28.689986198018,0.00229008084618386,TRUE,78,0.171161847451463,0.18373922832817,0.144051456836568,-0.0396877714916017
"CD007572_pub4","Failure to induce clinical remission (6 to 12 weeks)",13,-0.134511955753211,0.0326567786358589,0.00662471098543396,56.7888479779951,3.80586662365888e-05,TRUE,175,0.0748079030776498,0.456389337262444,0.435705773100226,-0.0206835641622183
"CD007639_pub3","Bronchoconstriction (sidestream versus Pari LC plus)",14,2.37506675232868,0.185403798731353,0.368631193851652,96.4636475547401,1.43693511043251e-37,TRUE,38,0.240562302923783,0.99822044044266,0.999999999999999,0.00177955955733922
"CD007693_pub3","Fluorosis",52,0.07213223095784,0.0590185116275816,0.106514504376444,70.6892068499494,0.221633246342361,FALSE,0,0.244849886670293,0.158796258332329,0.0479198579353473,-0.110876400396982
"CD007784_pub3","Major cardiovascular events",15,-0.321264276806243,0.0381345943351091,0.00457915023336835,28.1116950719515,3.62343755688112e-17,TRUE,970,0.207471031173463,0.347823432202834,0.340358018685264,-0.00746541351757063
"CD007837_pub3","Cobb angle (°)",2,0.965458705713542,0.48981916397928,0,0,0.0487180069665432,TRUE,45,0.693027419068768,0.285404379962438,0.285404379962438,0
"CD007859_pub5","Alignment rate (LII reduction; mm): multistrand StSt versus conventional StSt",4,1.83376145668654,0.238929148737429,0.0774518080010391,34.1701399530503,1.6552540888968e-14,TRUE,109,0.507446778626411,0.9264691603362,0.950909626086813,0.0244404657506129
"CD007872_pub4","Estimated blood loss ≥ 500 mL",3,-0.0829997839332558,0.0739919705844008,0.00582572447307691,31.2343850335791,0.261972826531768,FALSE,2737,0.140497110367268,0.114463349710524,0.0854674390408047,-0.0289959106697195
"CD007896_pub4","Systolic blood pressure",129,1.79936413345087,0.0736393217741619,0.5038780902692,81.3237287801924,7.29626937290558e-132,TRUE,141,0.391605067284928,0.89844997583336,0.995791646620989,0.0973416707876295
"CD008063_pub3","Extent of substance use",16,-0.632804319953366,0.151389985433031,0.120334214384669,36.0783307147239,2.91558373968302e-05,TRUE,156,0.562467959328048,0.238655541239189,0.201882941166546,-0.0367726000726436
"CD008145_pub4","Reception of DTP3 by 1 year of age",28,0.24047751521853,0.0498196249201852,0.0602317704656278,98.4551080494961,1.38630459177697e-06,TRUE,750,0.0668500749529861,0.66651305300852,0.949216331067907,0.282703278059387
"CD008176_pub3","Cardiovascular death",25,-0.0341348929630407,0.0741843802468259,3.31161643318682e-06,0.00222304095120786,0.645418712074147,FALSE,134,0.454092979615463,0.0297299584395218,0.0297289363429055,-1.02209661633629e-06
"CD008237_pub4","Composite score of competency",2,-0.806128637855683,0.260740622609651,0,0,0.0019902195307447,TRUE,87,0.451960128214001,0.430014908288799,0.430014908288799,0
"CD008309_pub3","Composite outcome of death or bronchopulmonary dysplasia (BPD) at 36 weeks' postmenstrual age (PMA)",9,0.241703272797612,0.192599898076745,9.08940266913813e-07,0.000234608148566115,0.209496853537776,FALSE,60,0.875595460329025,0.0460987073487627,0.046098610879209,-9.64695536787019e-08
"CD008349_pub5","Upper limb function post intervention (composite measure)",24,0.323394435089819,0.0870875279550609,0.020324791909173,12.2093983381099,0.000204459793198354,TRUE,32,0.482439578604309,0.108087681363202,0.0985891416178646,-0.00949853974533783
"CD008469_pub3","Exacerbations leading to emergency department (ED) visits: subgrouped by time frame of follow-up",15,0.0877659883296421,0.335204461110466,0,0,0.793453879232729,FALSE,126,1.30188910964371,0.0292088925083226,0.0292088925083226,0
"CD008493_pub5","Short-term mortality",14,0.250722177705078,0.168851727695416,0,0,0.137579342706073,FALSE,615,1.15202501285165,0.0407255393722826,0.0407255393722826,0
"CD008552_pub8","Vegetable intake",15,-0.120264638695131,0.201933801104142,0.40159869349091,79.5862665078281,0.551466081013976,FALSE,90,0.430408560578111,0.172531936912808,0.0464257345981777,-0.126106202314631
"CD008564_pub3","Total mortality",56,-0.0975091903288577,0.0416737587153963,0.0181465571915564,20.0229120592927,0.0192929165610701,TRUE,429,0.284845740756042,0.0718218674729014,0.0528699735493507,-0.0189518939235508
"CD008628_pub3","Function in the long term; measured using AOFAS",4,2.20072527771312,0.654345258110332,1.65487625614172,97.3878505942712,0.000770311727153861,TRUE,61,0.215704225599889,0.913568915177973,1,0.0864310848220267
"CD008688_pub3","Pancreatic fistula (free definition)",3,-0.0404143018338634,0.0894933232757125,6.40097722882369e-07,0.00198153622078494,0.651564278951325,FALSE,134,0.14189453328763,0.0469555354945201,0.0469529238882825,-2.61160623763607e-06
"CD008709_pub4","Objective cure or improvement of urinary incontinence: between 12 and 24 months",27,-0.014905634095068,0.0114282630523715,9.80313276052797e-05,2.7631765935718,0.192138753374764,FALSE,130,0.0641893707073211,0.043859331910327,0.0420164780305604,-0.00184285387976654
"CD008858_pub5","Cumulative incidence of herpes zoster",7,-1.33173474259414,0.341281910227099,0.730909191323414,97.6363088482005,9.53402675723505e-05,TRUE,38501,0.192905816271292,0.861726428703875,0.999999616505474,0.138273187801599
"CD008873_pub5","Pre-eclampsia (ALL)",3,-0.602459018217771,0.375882970761912,0,0,0.108982463993829,FALSE,165,0.726986130675663,0.128973623122349,0.128973623122349,0
"CD008879_pub3","Non-infectious complications",20,-0.246949857465554,0.0740462921746132,1.94274804856476e-06,0.00170667759899508,0.000852767291846256,TRUE,100,0.402379837849405,0.089113746236232,0.0891124442828353,-1.3019533967179e-06
"CD008940_pub4","Participants abstinent at end of treatment",26,0.0338744593666543,0.0558706122762545,0.00309723268607594,3.5094726823088,0.544314285412855,FALSE,31.5,0.368882950017306,0.032356922585538,0.0308716871046545,-0.00148523548088355
"CD008973_pub3","Complete resolution of phimosis",10,1.05049257742166,0.242753838162998,0.361778434370635,78.8455460155585,1.50880886446074e-05,TRUE,75.5,0.455381918788696,0.582924061800501,0.635657232306385,0.0527331705058846
"CD009102_pub2","Death before discharge",3,-0.303214133311341,0.227006623802744,0,0,0.181645353112885,FALSE,363,0.421115380103321,0.107499215077293,0.107499215077293,0
"CD009235_pub4","Duration of mechanical ventilation",4,0.069143209204721,0.462962710753277,0.825848278602505,96.4655891366496,0.881277926326036,FALSE,70,0.176917764731129,0.382145284689131,0.0583073336508056,-0.323837951038325
"CD009244_pub3","Development of anal cancer",9,0.0381567719884165,0.26138720797373,0.407400911182926,73.0815856144426,0.883938785594248,FALSE,79,0.397278964049566,0.162327002360124,0.0311665612687581,-0.131160441091366
"CD009252_pub2","Lower urinary tract symptom-specific quality of life",2,-0.755718571101534,0.762208587789081,0,0,0.321448691929173,FALSE,76,1.07792572220856,0.104037193083489,0.104037193083489,0
"CD009298_pub3","Operative delivery",6,-0.0705588529642721,0.0592535461939152,2.03779992752435e-06,0.00853786404064288,0.233733897132386,FALSE,198,0.160128077477744,0.0643480905090111,0.0643404959900597,-7.59451895133989e-06
"CD009362_pub4","Pressure ulcer",54,-0.381207761824455,0.105471100620663,0.362941354130922,74.8069591799131,0.000301120927962992,TRUE,145,0.457008438961029,0.248120586792718,0.130119432535253,-0.118001154257464
"CD009417_pub3","Mortality (any cause during hospitalisation or follow-up)",3,-0.136207688813202,0.924310110543341,0.0603613470083864,2.35306048536382,0.882846722611988,FALSE,59,1.59952980776377,0.0319356464959602,0.030409491660644,-0.00152615483531615
"CD009508_pub2","Incontinence quality of life",3,0.170388596499,0.229186782624254,0.0435611429615373,22.2276262463342,0.457210119586836,FALSE,73,0.385808295041577,0.0908669089581598,0.0644664442909559,-0.0264004646672039
"CD009531_pub3","Quality of life: average change in mental health component - 12 months",8,0.209111402784927,0.207322021802211,0.303092599386973,91.5609661485569,0.313151670007141,FALSE,96,0.175768881077224,0.407387141756285,0.220570249114405,-0.18681689264188
"CD009535_pub3","Cardiovascular death",2,-0.0781443650466205,0.0744621461298352,0,0,0.293970649667269,FALSE,15450,0.211526568889778,0.0558573014987722,0.0558573014987722,-6.93889390390723e-18
"CD009679_pub3","Generic quality of life (SF-36 scores) at 24 months",4,0.586692961979422,0.120210466040101,1.1651710937929e-06,0.00137947562365003,1.05791405080732e-06,TRUE,62,0.503333212569729,0.213496805676988,0.213496274118736,-5.31558251748443e-07
"CD009730_pub3","FVC % predicted (relative change)",2,1.14492863271734,1.72515545951915,5.77408215236616,96.9260119538745,0.50690350773345,FALSE,60,0.353402339132123,0.5738614980127,0.899686515512708,0.325825017500008
"CD009749_pub3","Live birth/ongoing pregnancy rate - DHEA",9,0.294568032033527,0.210390015063705,0.0966363333251869,26.2866118063911,0.161481991870938,FALSE,72,0.546969516556277,0.108270484676338,0.0775975839428062,-0.0306729007335315
"CD009752_pub3","All-cause mortality: short term (0 to 30 days post surgery)",5,0.139943320193965,0.20769010283266,0.0185664679470949,4.28735978481651,0.500433181785173,FALSE,128,0.983869743465366,0.0358876323903495,0.0345529853209111,-0.00133464706943844
"CD009788_pub3","Service use: hospitalization",4,0.156193399188858,0.319036511062213,0.168022777967358,40.2128936853631,0.624432231930426,FALSE,52,0.655228235379315,0.072212196509517,0.0425724660021651,-0.0296397305073519
"CD009945_pub3","50% responder",3,0.779448076477025,0.350916650828261,0,0,0.0263389594044469,TRUE,60,0.663239476258859,0.216299978264431,0.216299978264431,-5.55111512312578e-17
"CD010001_pub4","Live birth or ongoing pregnancy",38,0.291512847135933,0.0530753451694248,1.2529077627959e-06,0.00114065736742611,3.96431012607642e-08,TRUE,100,0.359856116420671,0.125097320629412,0.125096174919756,-1.14570965628613e-06
"CD010145_pub2","Quality of life via FACT (short term)",4,0.746864770054143,0.417037500576063,0.259843230953469,38.1930640971943,0.0733123032246051,FALSE,55.5,0.645432205997974,0.264341382683126,0.211042424488851,-0.0532989581942755
"CD010163_pub3","Tumour response",2,0.0689818326552442,0.460837576671815,0.322179912342274,73.3149883304106,0.881010814677151,FALSE,50,0.318313762395177,0.196917615611886,0.0406446453599786,-0.156272970251907
"CD010189_pub3","Overall survival",6,0.103293255931545,0.120525493111258,0.0329399557400662,41.4320985359845,0.391431548869332,FALSE,199.5,0.224999970496347,0.121363062798337,0.0666929405186341,-0.0546701222797029
"CD010216_pub9","Smoking cessation",43,0.362417068721032,0.0743633557312739,0.0960533019693016,58.6651837053269,1.09584114630481e-06,TRUE,249,0.371611807132755,0.224757355312887,0.162384045196393,-0.0623733101164946
"CD010290_pub4","Live birth rate per woman by urinary gonadotropins",9,0.203693102180018,0.0767408334732872,1.53091793322647e-06,0.00104431152422467,0.00794734184596988,TRUE,74,0.583257420408488,0.053619647730889,0.053619252586405,-3.95144484022225e-07
"CD010441_pub3","Incidence of perineal trauma (tears or episiotomy or both)",6,-0.267962866627419,0.114267823211457,0.0624365683170853,84.3384361192977,0.0190249265627877,TRUE,136.5,0.115593707828642,0.559769680292975,0.639895719762879,0.0801260394699038
"CD010533_pub3","Overall survival (OS)",21,-0.268652209801837,0.11535474324985,0.0267366295039167,9.85149101655835,0.0198631934270373,TRUE,434,0.516998862878584,0.0848328607802686,0.0748875842041796,-0.00994527657608894
"CD010583_pub6","Mortality (30 days)",7,-0.333539814238197,0.382007416151328,0,0,0.382595535046307,FALSE,161,1.48103580997501,0.0413919400299684,0.0413919400299684,0
"CD010856_pub3","Change in the number of decayed, missing or filled primary teeth (dmft)",6,0.764955754423944,0.0807607740157497,0.00784681663611609,20.1180615650695,2.74871403260613e-21,TRUE,969.5,0.20760421454313,0.943669663003129,0.957710953693968,0.0140412906908389
"CD010861_pub3","Maternal mortality",9,-0.410053149806941,0.322182602784905,0.641469523258017,89.0985251714456,0.203112010901018,FALSE,72,0.490617781123864,0.278528550039438,0.130469488443804,-0.148059061595635
"CD010966_pub4","FEV1 % predicted (absolute change from baseline)",36,2.51872013097462,0.127559633196615,0.334256009501532,89.8480986480183,8.78097967522326e-87,TRUE,37,0.41823935649396,0.991366460297501,0.99997569732127,0.00860923702376837
"CD011039_pub2","All-cause mortality",2,-0.133069166195334,0.232994894023859,0.06272259608732,57.7391453712618,0.567915037229269,FALSE,65,0.214182632197392,0.192132760543537,0.0903381397873516,-0.101794620756186
"CD011044_pub3","Overall survival",52,-0.147664723404467,0.0388021432391159,0.0468435794025131,69.0960263051575,0.000141471346483581,TRUE,136,0.174999948331928,0.241406820444903,0.132175688963596,-0.109231131481307
"CD011120_pub3","Tobacco use cessation",19,0.236974249198193,0.0908091756167251,3.49450999709832e-06,0.00213928875845997,0.00906521608521888,TRUE,179,0.43833153546281,0.0779024062050087,0.0779005255988279,-1.88060618079577e-06
"CD011197_pub3","Mortality",3,0.0604952488881484,0.173257195215402,0,0,0.726965872430213,FALSE,250,1.40746269528218,0.0276200960940533,0.0276200960940533,0
"CD011204_pub3","Cognitive function, assessed with ADAS-cog: change from baseline at 3 months",60,0.907518287559753,0.0780971358965406,0.230524179514013,74.6442797379892,3.24694133035263e-31,TRUE,386,0.349744631085611,0.64571794263365,0.737233171139923,0.0915152285062729
"CD011218_pub2","Frequency of wearing a seat belt (Fernandez 2008)",10,-0.213853804696741,0.319421885425295,0.856617243632208,87.277168476249,0.503174878987594,FALSE,192,0.351287832417211,0.31580155108976,0.0883167922610806,-0.227484758828679
"CD011381_pub3","Comparisons for relapse (12 months) ",70,0.0359278450815233,0.0852255860534588,0.36070541490508,94.1843379885353,0.673344948457329,FALSE,857.5,0.309780828144024,0.198971583041314,0.0325926111858383,-0.166378971855476
"CD011468_pub2","Secondary patency",3,-0.837018304521022,0.270725011171818,0,0,0.00198969825958482,TRUE,66,0.434248833527001,0.487054395614506,0.487054395614506,5.55111512312578e-17
"CD011535_pub7","Non-targeted treatments versus placebo",62,0.232784854207475,0.0417060977613699,0.0692504456520504,94.7275790748312,2.38378444598071e-08,TRUE,360,0.100645906615656,0.550165893594248,0.637935284254844,0.0877693906605959
"CD011575_pub3","All-cause mortality",4,0.122099754938442,0.182722676657176,0.0931965336945459,71.0886462480404,0.503990348630008,FALSE,3748.5,0.188481152103062,0.245307765902319,0.0947338950579105,-0.150573870844408
"CD011600_pub3","Moderate-to-severe exacerbations (Rate)",9,-0.294311462760018,0.0185778264276399,0,0,1.5945095272242e-56,TRUE,3181,0.0577002384209298,0.999157373554158,0.999157373554158,0
"CD011624_pub3","Hypertensive disorders of pregnancy (including pre-eclampsia, pregnancy-induced hypertension, eclampsia)",2,0.149750746231708,0.190208941109735,0,0,0.431108586916644,FALSE,745.5,0.290848020086245,0.0742166258882407,0.0742166258882407,0
"CD011626_pub3","Cardiac T2* value (ms)",2,1.93441576962958,0.213027904723751,0,0,1.08003208089081e-19,TRUE,15,0.301266952024252,0.9999959205597,0.9999959205597,0
"CD011627_pub3","Number of participants with incontinence-associated dermatitis",18,-0.296014665770477,0.212400236099776,0.471770299681098,64.4238487580464,0.163418945493781,FALSE,59.5,0.479653289866819,0.220998737193084,0.0896649718793826,-0.131333765313702
"CD011670_pub3","Overall morbidity",4,-0.01723490915202,0.747154544806995,1.4004259195559,74.4901055705339,0.981596513632547,FALSE,43,0.9697624578993,0.109155491565769,0.0260569496811878,-0.083098541884581
"CD011671_pub3","Delayed graft function",16,-0.249402572750556,0.0483431752045918,3.1200558818599e-06,0.00800395524148886,2.48268694375203e-07,TRUE,96,0.230764539151498,0.189654072764653,0.189647091657346,-6.98110730751322e-06
"CD011689_pub4","Death",15,0.148631651069257,0.310330008138785,0,0,0.631976277120184,FALSE,1620,1.63027868434162,0.0308257044879092,0.0308257044879092,0
"CD011762_pub2","All-cause mortality",194,-0.18607841238414,0.0554265100061258,0.0194034357359275,3.59058190869543,0.000787333977749734,TRUE,764,1.46681739544689,0.034008431505621,0.0333934508294207,-0.000614980676200298
"CD011778_pub2","PPD (change from baseline (mm)); 3 months",23,-0.353508345645301,0.158330896697987,0.491119527299156,97.119574085166,0.0255675039122185,TRUE,32,0.299457271447212,0.379694943406743,0.217852275487207,-0.161842667919536
"CD011793_pub3","Mortality",10,-0.125072983627056,0.418896337629418,0,0,0.765262503680957,FALSE,97,1.45295832086013,0.030473319274131,0.0304733192741309,-3.12250225675825e-17
"CD011800_pub2","Vitamin D status (achieved 25-hydroxyvitamin D level)",2,2.59088387155341,0.223983799976839,0,0,6.03644729661104e-31,TRUE,53.5,0.907339862858903,0.814742296468508,0.814742296468508,-1.11022302462516e-16
"CD011806_pub2","Clinical response",3,0.433145529754439,0.811233312619098,1.38525293371355,79.960619814183,0.593386786466868,FALSE,60,0.495815779101391,0.336603236629848,0.138659380343032,-0.197943856286816
"CD011841_pub3","Mean change in BCVA between baseline and 12 months (± 6)",8,-1.44783919540853,0.361362122731553,0.603796540752066,77.7596406277978,6.15949297817161e-05,TRUE,36.5,0.648909785472333,0.569008302991776,0.606890313656591,0.0378820106648153
"CD011851_pub3","Fatal cardiovascular events",4,-0.18867061641434,0.284991511319429,0,0,0.507957198652182,FALSE,331,1.16949115751573,0.0360380693612737,0.0360380693612737,-6.93889390390723e-18
"CD011858_pub2","Extracorporeal circuit thrombosis",18,0.161350918659496,0.442704789267181,2.69507104801327,98.655299453209,0.715509932085756,FALSE,44,0.686306030446497,0.25293245680537,0.042276042427659,-0.210656414377711
"CD011866_pub3","Dropouts",46,-0.172920217049254,0.047149537114341,0.0362313170204458,46.4807955846524,0.000244947977602997,TRUE,100.5,0.282768238027591,0.131653311887274,0.0887588266435247,-0.0428944852437489
"CD011885_pub2","Clinically relevant response, as defined by study authors",12,0.320794994298245,0.137115506923981,0.0442933922493047,23.585684299352,0.0193045708133261,TRUE,62,0.761598016871987,0.0690155893247771,0.061932551510853,-0.0070830378139241
"CD012079_pub2","Awareness of prolapse (0.5 to 7 years)",27,-0.139400960456948,0.0880249973041059,0.054740649946587,38.5910784479731,0.113272940205067,FALSE,122,0.5114586104735,0.0624562985169985,0.0457624361295217,-0.0166938623874768
"CD012152_pub4","Hypoglycaemia",2,-0.144811710598033,0.0480021901285364,0,0,0.0025548106059674,TRUE,1274,0.0810778467056664,0.430979241296025,0.430979241296025,0
"CD012170_pub2","Amount of physical activity",9,-0.111813269229126,0.300273098289237,0.651521252012751,88.3832165766365,0.709615959957693,FALSE,146,0.301362094613755,0.289184552495301,0.0560372334513101,-0.233147319043991
"CD012178_pub2","Incidence of ROP at any stage",4,-0.110696396162713,0.163307620167269,0,0,0.497873305676969,FALSE,120,0.350447910245082,0.0500785173795057,0.0500785173795057,0
"CD012186_pub2","SAEs",89,0.00557976488151942,0.029239566635579,0.00957471627886066,14.6117402507932,0.848659363280218,FALSE,504,0.313219543633811,0.0318842716550472,0.0260594868416965,-0.00582478481335079
"CD012214_pub3","Regression of endometrial hyperplasia (with or without atypia) to proliferative, secretory, or atrophic endometrium",7,1.25410378303245,0.301413056246452,0,0,3.17206893210596e-05,TRUE,46,0.940302658976822,0.265578618645818,0.265578618645818,1.11022302462516e-16
"CD012335_pub2","All‐cause mortality",2,0.115524485774755,0.483045737798356,0,0,0.810982694507154,FALSE,370,0.85618294024413,0.0339979259997095,0.0339979259997095,0
"CD012397_pub2","Specific behaviours: aggression – clinically important change in aggressive/violent behaviour, as defined by the individual studies (fixed-effect)",2,-0.527600539211059,0.145244234799999,0,0,0.000280682161055454,TRUE,0,0.209400127491841,0.712129581157812,0.712129581157812,0
"CD012426_pub2","Unfavourable functional outcome at 90 days",5,-0.0660391460179754,0.0312959352665906,1.27862452313702e-06,0.0241637451765332,0.0348453600632886,TRUE,630,0.0759763170904285,0.137716495314394,0.137689912559373,-2.65827550216535e-05
"CD012429_pub2","Change in mental state (BPRS)",8,-0.0297398889756899,0.184956787846974,0,0,0.872255875770204,FALSE,92.5,0.858010638126795,0.0270957600956145,0.0270957600956145,0
"CD012503_pub3","Mortality during follow-up (for all studies)",80,0.0414630592573421,0.0231543133024804,0.0034114845171419,14.6756468794743,0.0733370782676166,FALSE,71,0.625917376066641,0.0296792470244594,0.0291310711999473,-0.000548175824512071
"CD012532_pub2","Overall Survival",7,0.118441120547655,0.0596427597310648,0.00356776328193129,14.1658917347945,0.0470508272037446,TRUE,369,0.201699060069775,0.0940460901506937,0.0849155113753211,-0.0091305787753726
"CD012570_pub2","All-cause mortality",3,-1.0732617527095,0.892379465221685,0,0,0.229093748390135,FALSE,814,1.62451068217814,0.09692113624406,0.09692113624406,0
"CD012572_pub3","All-cause mortality",4,0.730451833349539,0.493448633778133,5.50212757186907e-06,0.000442642033472121,0.138793300147164,FALSE,91.5,1.21582385602215,0.0870457437807451,0.0870453431027228,-4.00678022302592e-07
"CD012586_pub2","Live birth or ongoing pregnancy",196,-0.0170336348941424,0.0199621271040609,0.0140098670499836,21.2394251731776,0.39349429773916,FALSE,152,0.310627239644412,0.0375164637284703,0.028381734908597,-0.00913472881987335
"CD012594_pub2","Number of unexpected (previously unknown) adverse drug reaction reports",2,0.375751572669413,0.233469779945947,0,0,0.107523936489667,FALSE,134,0.331087747323364,0.204667708399869,0.204667708399869,0
"CD012609_pub2","Clinical relapse",7,-0.348258528648575,0.194095437832411,0.189392460810144,81.4839883871566,0.0727709820743118,FALSE,115,0.235244594429824,0.409807568791743,0.315772405319902,-0.0940351634718409
"CD012623_pub2","Macular hole closure",25,0.0559717422913086,0.0155185554980484,0.000849938786641541,15.0516814089065,0.000310041328781261,TRUE,69,0.0883222958916797,0.103941751622407,0.0923797039021673,-0.0115620477202396
"CD012635_pub2","All-cause mortality at 24 hours",7,-0.128369580961302,0.0947780234843802,8.95302677365896e-06,0.0113342499121578,0.175601308910408,FALSE,134,0.497916043453841,0.0443664804666786,0.044363600475689,-2.87999098964181e-06
"CD012642_pub2","Mortality (latest time reported up to hospital discharge)",16,-0.0121805246778811,0.190044234226369,1.82425379225503e-06,0.000312625505908256,0.948896093568972,FALSE,46,0.761278259950908,0.0259500874091827,0.025949902921038,-1.84488144663875e-07
"CD012693_pub3","Live birth or ongoing pregnancy",21,0.0544380708331462,0.058921569320673,0.00743724216228639,10.6400658531228,0.355534557183714,FALSE,262,0.303338850959171,0.0433900884791939,0.0374969962550693,-0.00589309222412463
"CD012712_pub2","Mortality before hospital discharge",44,0.183957335814839,0.0992118174365155,0,0,0.0637123050844388,FALSE,114,0.63515413234856,0.0474262847679856,0.0474262847679855,-2.77555756156289e-17
"CD012718_pub2","Primary caries prevention (at end of study follow-up)",9,-0.253487520508648,0.446550173456234,1.35504094136785,84.35310923589,0.570267607811228,FALSE,98,0.575465201884525,0.25035425921253,0.0643218023690637,-0.186032456843466
"CD012757_pub2","Mortality at longest follow-up",3,-0.148283572915485,0.0451145879853215,0,0,0.00101325236523709,TRUE,80,0.073487005247852,0.523068470508846,0.523068470508846,1.11022302462516e-16
"CD012850_pub2","Self-reported joint pain at rest (dichotomous data)",4,-0.0311189726719105,0.589526181512424,0.792560390272364,63.4488330667109,0.957902087019276,FALSE,30,0.815169835888736,0.0971744322037221,0.0273161469889121,-0.06985828521481
"CD012891_pub2","Standard controlled ovarian hyperstimulation with gonadotropins versus controlled ovarian hyperstimulation with gonadotropins + letrozole: number of oocytes retrieved after ovarian stimulation",19,-0.265190879961351,0.166605112266201,0.391846024973568,87.7948871122856,0.111444676689743,FALSE,52,0.28605839298804,0.333846388286086,0.150822442313536,-0.18302394597255
"CD012905_pub2","Development of AKI",24,-0.211578076313736,0.0855955115251134,0.0512248604688092,35.1320057491039,0.0134421124505478,TRUE,83.5,0.396707989559831,0.107645547302693,0.076843367365055,-0.0308021799376383
"CD012925_pub2","Provider adherence to recommended practice (dichotomous outcomes)",13,-0.993388178452141,0.357473469785469,1.56391878260778,98.5385912035288,0.00545408929494113,TRUE,1528,0.199820776616205,0.682660539850427,0.998699906228865,0.316039366378438
"CD012942_pub2","Comparison 1 All antidepressants versus placebo, Outcome 1 Rate of treatment response measured as a reduction of at least 50% on the HAM-A",229,0.271786952356812,0.0317986730019234,0.134350089495402,84.4280408888979,1.26202144089238e-17,TRUE,315,0.27761748268881,0.276831976550983,0.163304750955604,-0.113527225595379
"CD012993_pub2","Change in 6MWT from baseline",4,3.23838378149822,0.385934961693521,4.18156628439462e-08,5.17945373467399e-06,4.81986958863892e-17,TRUE,51,1.03757760669389,0.877206761628281,0.877206766212813,4.58453208729281e-09
"CD012997_pub3","Incidence of HUS",4,-0.226021821243002,0.367430309262933,0,0,0.538460936505166,FALSE,72.5,1.1050765571469,0.0395925913229108,0.0395925913229108,2.08166817117217e-17
"CD013023_pub2","Arterial catheter failure",14,-0.113176366945802,0.158493454743326,0.0744336398186735,23.9469805111155,0.475180206055518,FALSE,91,0.605807360643125,0.0529653499794613,0.0381023484569828,-0.0148630015224786
"CD013051_pub3","Resolution of ear discharge",12,0.56999777933672,0.104154474935625,0.0818951237584081,79.3031492181577,4.43432293876305e-08,TRUE,84,0.210886725650972,0.670290938559181,0.771228375741962,0.100937437182781
"CD013052_pub3","Resolution of ear discharge at 1 to 2 weeks ",17,0.0318792274981673,0.027085146110303,1.22469847794109e-06,0.00655415438589763,0.239195351133511,FALSE,55,0.208781390286712,0.035361911624542,0.035359933303912,-1.9783206299806e-06
"CD013053_pub3","Resolution of ear discharge",6,0.490729180050503,0.0815624944575097,0.0025455707271384,5.95939578955706,1.78114762412873e-09,TRUE,60,0.21208967376668,0.634656570038387,0.638262206195951,0.00360563615756426
"CD013054_pub3","Resolution of ear discharge 2 to 4 weeks",22,0.0169020479047506,0.0808277728257034,0.111093133186398,87.9030072660637,0.834360897217915,FALSE,100,0.144709144913435,0.231463458156289,0.0326525457616679,-0.198810912394622
"CD013055_pub3","Resolution of ear discharge (2 to 4 weeks)",6,0.751650105102558,0.109689145231537,0,0,7.25461601372374e-12,TRUE,162,0.259031579546635,0.826854055661814,0.826854055661814,0
"CD013056_pub3","Resolution of ear discharge (1–2 weeks)",9,-0.214410501134778,0.151064516728962,0.178114640270852,91.9532905350176,0.155802635720433,FALSE,100,0.118440485026288,0.483869282788505,0.440507171667304,-0.0433621111212009
"CD013057_pub3","Resolution of ear discharge (after 4 weeks)",2,0.0797237337222467,0.0853025783285151,0,0,0.349994817384221,FALSE,148.5,0.18013830600158,0.0645835674127474,0.0645835674127474,-1.38777878078145e-17
"CD013071_pub2","Erectile function (AMS sexual)",2,1.25284022733975,0.31368083621403,0,0,6.49687656292086e-05,TRUE,124.5,0.479681843816416,0.742751351098264,0.742751351098264,0
"CD013105_pub2","Awareness of prolapse ",14,-0.111218548962503,0.118010766068366,0,0,0.345965323421989,FALSE,77,0.639298635063703,0.0370500863585955,0.0370500863585955,0
"CD013111_pub2","Metformin plus progestin compared to progestin. Live birth rate. RCTs",4,0.527202174056724,0.249201272715237,0,0,0.034381587726373,TRUE,32.5,0.486068037085535,0.190695096228364,0.190695096228364,0
"CD013158_pub2","Mortality prior to hospital discharge",2,0.137544593089234,0.70677783846532,0.746274408609043,74.6467945443964,0.845699871278534,FALSE,253,0.50279521491848,0.198133421402237,0.0458589946398009,-0.152274426762436
"CD013166_pub3","Erectile function ",24,1.60161191075571,0.0865435248845549,0.100530954171313,65.2582330522958,1.83241476079545e-76,TRUE,60,0.259117569106777,0.996219625248904,0.999987842190323,0.00376821694141993
"CD013197_pub2","All-cause mortality short-term",4,0.743617551585229,0.565395687916572,0,0,0.188437261997125,FALSE,138,1.55898424016611,0.0690404619393531,0.0690404619393531,0
"CD013232_pub2","Irritability",7,-0.121604919617622,0.243094168023871,0,0,0.616907564587818,FALSE,36,1.48323566600718,0.030192105051311,0.030192105051311,-6.93889390390723e-18
"CD013255_pub2","Sinus rhythm until hospital discharge or end of study follow-up (paroxysmal AF)",49,0.388141670245313,0.0801970702789022,0.21769074711921,94.2643864638782,1.29938145455476e-06,TRUE,95,0.16175334441857,0.557250838230449,0.669895918409172,0.112645080178723
"CD013278_pub3","All-cause mortality during hospital stay",17,0.12511227682069,0.107386702139892,0,0,0.243993479375527,FALSE,66,0.59670848516587,0.0400338582580155,0.0400338582580155,2.77555756156289e-17
"CD013284_pub2","Rate of moderate or severe exacerbations",5,-0.0250268109326094,0.0653642238389811,0,0,0.701806961183528,FALSE,182,0.150793212412515,0.0364068853221849,0.0364068853221849,0
"CD013294_pub2","Time (%) in target oxygen saturation range",10,2.67127916436001,0.153346314213423,0.112780872544544,61.346789619129,5.82675758048447e-68,TRUE,31,0.375308436491767,0.999939358263599,0.999999874927658,6.05166640593735e-05
"CD013295_pub2","Need for allogeneic blood transfusion (only trials included in the NMA)",166,-0.446770956338785,0.0586392673678881,0.166435355030896,51.0292551664242,2.55703236667759e-14,TRUE,80,0.761568965759663,0.113031078230791,0.0848266690352795,-0.0282044091955115
"CD013303_pub2","HIV health literacy: understanding HIV terms (short-term: immediately post-intervention)",6,0.790363852043818,0.583550018757031,1.85681601819615,95.7693379097523,0.175606772243148,FALSE,177.5,0.484920685975999,0.455940579420209,0.370669283880624,-0.0852712955395855
"CD013332_pub2","SSI",35,-0.459126862869253,0.0989697183272251,0.0652710571155446,24.4402900602142,3.49990572650024e-06,TRUE,184,0.752199976251551,0.100644426154923,0.0885745276050283,-0.0120698985498944
"CD013344_pub2","Graft loss",14,-0.494411579544177,0.304054574799872,0.420587351198908,51.0443303826858,0.103936474057166,FALSE,131.5,1.28868205260549,0.079556981662103,0.0574775086133907,-0.0220794730487122
"CD013358_pub2","Systolic blood pressure (mmHg), change from baseline",2,-0.0859899618427083,0.221183477314125,0,0,0.697444751816694,FALSE,155.5,0.365077753774152,0.0423155536649926,0.0423155536649926,0
"CD013366_pub2","Venous thromboembolism",13,-0.572960917463051,0.259591155262604,0,0,0.0273024249822242,TRUE,180,0.830553053802205,0.102022850220576,0.102022850220576,-4.16333634234434e-17
"CD013377_pub2","Overall survival",9,-0.0687851730983515,0.131102731804056,0.117868639472244,83.1641155300088,0.599815252587231,FALSE,190,0.1656519268478,0.251022394467618,0.0612064232871011,-0.189815971180517
"CD013396_pub2","Asthma",14,-0.244490796013456,0.0751605805997369,2.17565535681131e-06,0.00255770378878287,0.00114228645128246,TRUE,257,0.35449105312941,0.101996418637923,0.101994460841215,-1.95779670818241e-06
"CD013408_pub2","All-cause mortality",5,-0.444132706195647,0.170654182842517,0.0520544799216073,36.637705333369,0.00925385987865727,TRUE,1005,0.321695552366986,0.318257565421181,0.281171618284752,-0.0370859471364285
"CD013414_pub2","eGFR: change",6,-0.0159067951854414,0.117915486957353,0,0,0.892690966406645,FALSE,384,0.870747582362578,0.0260869560502413,0.0260869560502413,0
"CD013421_pub2","Mean time to hemostasis",24,-0.65066698595368,0.110074638280531,0.0987305588414236,47.127959857898,3.39740827930617e-09,TRUE,149,0.422333888250159,0.368276445732405,0.337491851656121,-0.0307845940762837
"CD013425_pub2","Global state: clinically important change",11,-0.194895267611374,0.0656695393634509,0.028919639451408,67.2104954167063,0.0029992146555116,TRUE,267,0.130770736605835,0.387337757815356,0.319318422048079,-0.0680193357672768
"CD013429_pub2","Primary: Obstructive Eustachian tube dysfunction symptoms - severity (patient-reported): change in ETDQ-7: 0 to 3 months",16,1.22004030097694,0.0494417264059587,0.0137580965743284,39.8953182331668,1.9203889007162e-134,TRUE,60,0.148760528550334,0.999999523582565,0.999999999783174,4.76200609278443e-07
"CD013445_pub2","Stone-free rate",39,0.106704265675134,0.0183585128264878,0.00463172534094878,47.6489679990776,6.1638705374436e-09,TRUE,72,0.104612429348819,0.215375254099292,0.173617006682382,-0.0417582474169103
"CD013456_pub2","Psychosocial interventions versus inactive control; outcome 1: PTSD symptoms, post-treatment",2,-0.867327809158272,0.651441299272215,0,0,0.183058003260722,FALSE,88,1.16786768561013,0.111744158145886,0.111744158145886,4.16333634234434e-17
"CD013462_pub3","Rate of postoperative pancreatic fistula (grade B or C defined according to the 2005 ISGPF definition)",50,0.326834787736275,0.12059969864673,0.325245181484528,56.3805488475279,0.00672670546449312,TRUE,127.5,0.719505890802874,0.119000985798274,0.0660701700132132,-0.0529308157850609
"CD013474_pub2","Overall survival (time to event)",7,-0.143609739075977,0.100277700862238,0,0,0.152109372839004,FALSE,263,0.276299707300856,0.0749049521347826,0.0749049521347825,-1.38777878078145e-17
"CD013539_pub2","Progression-free survival",9,-0.0230801708723184,0.0377247740366243,2.07550190472081e-06,0.0156870386088015,0.540667386494137,FALSE,549,0.109703099240831,0.0401087440253983,0.0400957181192366,-1.30259061617496e-05
"CD013541_pub2","Relapse (≤ 1 month postintervention)",32,-0.0250009890012289,0.11140696847294,0.151121476420967,47.9710348109611,0.822437234237497,FALSE,73,0.495948471962275,0.066434280752131,0.0280953617564334,-0.0383389189956976
"CD013561_pub2","Adverse events",2,-0.762442922581418,1.54290301403747,3.04010833884416,63.6368736653556,0.621192285315667,FALSE,60,1.31376315206982,0.203206877336696,0.0838528206211014,-0.119354056715595
"CD013571_pub2","Participant-reported cure or improvement: immediately after treatment",7,0.221327374512133,0.0775199204910679,0.017489499841567,51.9926406764521,0.00430228439424986,TRUE,63,0.178735894041223,0.280911650325563,0.235248337720204,-0.0456633126053591
"CD013590_pub2","Frequency of crisis (mean number of pain crises)",16,-0.152526216019341,0.0814539485436236,0.0133361319098816,15.0061666445949,0.0611311881291819,FALSE,50,0.543687482098757,0.0502147697310378,0.0465347443198273,-0.00368002541121049
"CD013595_pub2","Overall survival",21,0.129358753021584,0.143895479102145,0.388380352032613,99.3584095661894,0.368664812122192,FALSE,706,0.114428098815542,0.440461240357852,0.203415485311251,-0.237045755046601
"CD013614_pub2","Clinical improvement as measured by the ACR50 response criteria or by the EULAR good response criteria at 12 weeks",32,1.1120458456699,0.173413091360074,0.771484214904362,95.0196336221618,1.429662263072e-10,TRUE,212,0.27622631761702,0.732294468258054,0.980580399536123,0.248285931278069
"CD013631_pub2","Patient-reported outcomes: HRQoL at 12 weeks",3,1.43380318431516,0.684286966770583,1.15699073030127,85.3735434112362,0.0361421640588656,TRUE,40,0.398657437428963,0.715241824880522,0.94914458872278,0.233902763842258
"CD013643_pub2","Number of continent women (objective measure as reported by the trialists), short term (< 1 year)",3,0.35532543916111,0.258450675707372,0.123311799643442,61.5629495961222,0.169184518967822,FALSE,76,0.334914450310564,0.267471399290895,0.184320978250398,-0.0831504210404973
"CD013672_pub2","Treatment retention",13,0.199522398642107,0.0815621787379463,0.043023011963835,68.0569241168174,0.0144346357305138,TRUE,65,0.188722283429481,0.271750955821823,0.183332899090061,-0.0884180567317625
"CD013707_pub2","All-cause mortality within 30 days",6,0.357149738588375,0.224466515609271,2.88932280201268e-06,0.000500423277191992,0.111586004340377,FALSE,55.5,0.956834538889379,0.0562903341628632,0.0562900504999123,-2.83662950864572e-07
"CD013715_pub2","PedACR70 at up to 16 weeks ",6,0.749966116256069,0.162411277290428,0.000489563165231123,0.275288486581254,3.88021702950798e-06,TRUE,48.5,0.446668627343266,0.389509113636451,0.389377160668387,-0.000131952968064342
"CD013719_pub2","Short-term hair regrowth ≥ 75%",18,0.593112191957515,0.279271191985598,0.846869001999133,85.0450522610477,0.033688058909766,TRUE,69,0.761504441798918,0.225731659197013,0.118782493172813,-0.1069491660242
"CD013729_pub2","Change in systolic blood pressure (medium-term follow-up)",2,1.09295190995794,1.15224662768219,0,0,0.342854666435844,FALSE,399,1.62952412083273,0.0986563715494874,0.0986563715494874,0
"CD013731_pub2","Overall survival at censored observation (measured at end of treatment, i.e. 20 months)",6,-0.078326186501574,0.307106835977916,0.373046950001605,70.1227059787694,0.798688032564712,FALSE,47,0.449972382914085,0.144736121230886,0.0370581214904354,-0.107677999740451
"CD013745_pub2","Rivaroxaban versus antiplatelet therapy",9,0.281156040848034,0.117796901628536,0.00824684895844892,6.31034255029343,0.0169963638503459,TRUE,1644,0.316019799720959,0.15182065671842,0.14224542689307,-0.00957522982534947
"CD013748_pub2","Poor functional outcome",16,-0.232541717869297,0.085153526966669,0,0,0.00631707464670073,TRUE,60,0.329143681954462,0.105019392038856,0.105019392038856,0
"CD013757_pub3","Hospitalisation due to RSV infection",6,-0.699651629812462,0.133747555968111,0,0,1.68471673781133e-07,TRUE,261.5,0.710564890087548,0.164700143109049,0.164700143109049,2.77555756156289e-17
"CD013763_pub3","Mean difference in postoperative pain intensity at rest (24 hours postoperatively) (VAS)",5,-0.077420348725896,0.406254015460707,0.663420656486849,87.1739236496485,0.848861491100888,FALSE,70,0.267604534164431,0.301020708299113,0.0473949035794346,-0.253625804719678
"CD013764_pub2","Successful abortion",6,-0.00197985442209377,0.00479289316638718,7.92954142121309e-07,0.450068707575535,0.679547067630512,FALSE,827.5,0.0150057922567814,0.0340145209393371,0.0337729270099768,-0.000241593929360309
"CD013773_pub2","Refractive error (D)",3,-1.83106227184296,0.402120493415491,0,0,5.27565502890104e-06,TRUE,490,0.715460645147033,0.725518053927535,0.725518053927535,0
"CD013774_pub2","Time to death from any cause",5,-0.153405211999252,0.0748544265945501,0.0195613054935735,69.8574574390935,0.0404249097329031,TRUE,690,0.0919110082322006,0.436535477133201,0.385563311401373,-0.0509721657318281
"CD013781_pub2","Secondary outcome: cardiac index (postoperative nadir)",57,-0.359746555585896,0.0918160764961585,0.143120680524944,51.935546995031,8.92416743034895e-05,TRUE,60,0.648718079674351,0.112363685279354,0.0799490926151462,-0.032414592664208
"CD013800_pub2","Residual kidney function at 6 months [mL/min/1.73 m2]",2,0.691732079059121,0.453617042869295,0.275982695344648,62.27859698441,0.12727774500508,FALSE,73,0.377632750470303,0.470174588335928,0.44899326218564,-0.0211813261502881
"CD013816_pub2","Thromboembolic events (composite)",5,-0.124987973213396,0.697458940805515,0,0,0.857776913776349,FALSE,213,1.62094231821065,0.0298599585511891,0.0298599585511891,-1.73472347597681e-17
"CD013822_pub2","Knowledge",5,-0.679487211590593,0.299641688533601,0.350930755722275,83.2201490203591,0.0233495833906665,TRUE,353,0.337435727533579,0.510605104476915,0.521418858635152,0.0108137541582368
"CD013823_pub2","Maternal anaemia",2,0.074821427413744,0.07110574750439,0,0,0.292682255056296,FALSE,142,0.195676555181941,0.0573298000736048,0.0573298000736048,0
"CD013827_pub2","Live birth or ongoing pregnancy",7,0.121054862307886,0.111900869538695,0.0135819041117711,15.5198943743246,0.279339414234983,FALSE,300,0.252640600309966,0.0893712894997221,0.0693291921293288,-0.0200420973703933
"CD013830_pub2","Death or major neurodevelopmental disability",5,-0.138128545984713,0.0526455601442402,1.19053848867352e-06,0.00705649997077012,0.00869687699866105,TRUE,423,0.111954490895694,0.233877216101038,0.233866646778452,-1.05693225859183e-05
"CD013834_pub2","TUG",5,1.51835400989215,0.201890454302469,0.0521353939815003,25.8470596509203,5.44910249965758e-14,TRUE,28,0.392278274996237,0.950659405016434,0.971974595382101,0.021315190365667
"CD013835_pub2","All-cause mortality at 30 days",2,-0.206553886747716,0.0643948999939783,0,0,0.00133841697286376,TRUE,0,0.15155050281604,0.275244900570767,0.275244900570767,-5.55111512312578e-17
"CD013844_pub2","Acceptability (dropouts)",12,-0.49501899804258,0.474073751708439,1.85401505563671,92.6896393800214,0.296401466586053,FALSE,130,0.828680895375736,0.239348385013649,0.0865033296208435,-0.152845055392806
"CD013853_pub2","Exergaming vs control at the end of treatment: change in global physical functioning (composite)",3,0.0519349640021012,0.407422688009883,4.03130731622091e-08,6.83728500094701e-06,0.898566873704364,FALSE,55,0.630906405288142,0.0302148129487664,0.0302148064407983,-6.50796804640974e-09
"CD013874_pub3","Disability worsening over 24 months",19,-0.500820022404935,0.16360463178409,0.296284729285762,80.8957239293564,0.00220480935279755,TRUE,234,0.460156976206049,0.286819545872165,0.19171434847634,-0.0951051973958245
"CD013875_pub2","Live birth (or ongoing pregnancy) – low risk of bias",3,-0.0285658639893731,0.272459097455585,0,0,0.916499122568317,FALSE,94,0.536719565224664,0.0282770730994771,0.0282770730994771,0
"CD014040_pub2","Live birth per participant randomized (low risk of bias studies)",16,0.155615605456425,0.0482688947494302,0.023865906844199,83.4094226932575,0.00126443685628452,TRUE,244,0.0836373251680823,0.481134359083188,0.460424630379414,-0.0207097287037745
"CD014145_pub2","Failed apnea reduction after 2 to 7 days",7,-0.562411801784671,0.292856876704419,0.0564267130228172,8.8567626750583,0.0548033184167405,FALSE,21,1.11625752402643,0.0771891269248345,0.0726787545918858,-0.00451037233294865
"CD014428_pub2","Pain intensity",2,2.13645196750802,0.415211164727669,0,0,2.66867679801391e-07,TRUE,76,0.605636559755986,0.94151857594663,0.94151857594663,0
"CD014541_pub2","Symptomatic VTE: short-term (45 days or fewer)",4,-0.768895689971135,0.350155944110991,0.313371550833412,76.7741197264524,0.0281015037178664,TRUE,6218,0.353270427369994,0.546001749597274,0.585717896032952,0.0397161464356777
"CD014573","Cases of cholera (2 doses + booster dose; 2-year follow-up; per-protocol analysis)",3,-0.658617871964883,0.179699823635419,0.0627894205703844,65.4685351437923,0.000247241697921696,TRUE,66900,0.190000247221925,0.818638407279911,0.9340230447238,0.115384637443888
"CD014580_pub2","Treatment success",6,0.29047533158857,0.173695295940479,0.106940347292831,70.8408396728997,0.0944598600971481,FALSE,74,0.220909519825574,0.359017482529568,0.259444920228765,-0.0995725623008025
"CD014585_pub2","Global symptoms of dyspepsia (dichotomous)",18,-0.427014157336693,0.117454646309636,0.17901420732401,95.6178565453124,0.000277370611972189,TRUE,516,0.220500287918784,0.495686766019111,0.490667847492221,-0.00501891852688946
"CD014594_pub2","First-pass success",24,-0.0192888641152719,0.249124560920789,1.22297013015152,93.90539097762,0.938284192092543,FALSE,687,0.362158782334315,0.276454671518981,0.0282795167682818,-0.248175154750699
"CD014617_pub3","Risk of ocular infection within one month of corneal abrasion",4,0.169736305495307,0.0787255536603787,1.33740932580599e-06,0.00457631012570989,0.0310796862212195,TRUE,254,0.154474687049784,0.194579654304737,0.194573009761117,-6.64454361964939e-06
"CD014624_pub2","Depression response (early phase)",80,0.218449482356693,0.0286639477896746,0.00810720279517229,13.5158930190526,2.51613438244587e-14,TRUE,108,0.294534282316844,0.121996932526788,0.111557582891518,-0.0104393496352704
"CD014678_pub2","All-cause mortality (apixaban versus placebo)",40,-0.00860098737195248,0.0636468308333372,0.0541651348614924,49.3239437890462,0.892504232558454,FALSE,1305,0.422287973385149,0.0446881793546568,0.02621437956359,-0.0184737997910668
"CD014687_pub2","Pain: VAS (0-100) (final values): short term (up to 1 month)",8,0.202881557699161,0.182768773865972,0.083933992829885,43.1521554395926,0.266979649614138,FALSE,71.5,0.612708707898657,0.0704394499479248,0.0516732759828301,-0.0187661739650947
"CD014688_pub2","Child/adolescent quality of life between baseline and 12 months (self-reported) ",4,-0.857074779770269,0.703016795466801,1.95694251377409,99.248784372178,0.222791662722467,FALSE,186.5,0.13110320505096,0.66535340804805,0.999997646510455,0.334644238462405
"CD014713_pub2","Unplanned hospital presentation rates - unplanned hospital admissions within one month (30 days)",7,0.0558529983682105,0.0240872320123952,5.33439932424731e-07,0.00271841324472681,0.0204069534815261,TRUE,668,0.233129689459782,0.0426820171099105,0.0426812502782087,-7.66831701713711e-07
"CD014722_pub2","Diagnosis of mental disorders at 1-6 months ",10,-0.936207661941966,0.27910728131432,0.459281395599001,72.1463689559107,0.000795679972320065,TRUE,212,0.526730995274406,0.455396283992277,0.42756708650924,-0.0278291974830372
"CD014736_pub2","Maximum Walking Distance (metres)",4,5.70584051912986,0.258988321010996,0,0,1.44479374385258e-107,TRUE,53.5,0.511667458385818,1,1,0
"CD014741_pub2","All-cause mortality",22,0.0781969006599592,0.116310301983019,0.0404447963990028,22.4846777989396,0.501384605343508,FALSE,108.5,1.26697357673602,0.0304119592763083,0.0288319377562729,-0.00158002152003544
"CD014758_pub3","Change in refractive error from baseline",61,-0.833019886070188,0.0724233403021034,0.221917573789519,91.3670632483948,1.28757078854916e-30,TRUE,143,0.274635408138093,0.705583123411674,0.858413924746393,0.152830801334718
"CD014762_pub2","Short-term resolution of symptoms (days 1 to 4 after randomisation)",5,-0.326305721874098,0.160893304556896,0.0912367851585729,78.7301043394594,0.0425513044516582,TRUE,359,0.211308093661095,0.405817834974369,0.338797875046782,-0.067019959927587
"CD014763_pub2","Surgical site infection",15,-1.70055747197037,0.21708261762551,0,0,4.73764001874563e-15,TRUE,72,0.831030823567767,0.534409479298554,0.534409479298554,0
"CD014769_pub2","Any VTE",27,-0.167274547263131,0.0821985212526028,0.032367688898165,22.1265416634802,0.0418501917506237,TRUE,2442,0.46126094487009,0.0683585444700042,0.0550974486730478,-0.0132610957969565
"CD014792_pub2","Mortality (Grade V Clavien-Dindo)",3,0.113875865730839,0.189439943907071,0.00226971321336576,1.28936369474583,0.547761024288035,FALSE,212,0.428725260352459,0.046092422079643,0.0450994950139905,-0.000992927065652453
"CD014802_pub2","Functional outcome, measured by mRS (0 to 4), at 90 days",2,0.0783279907726848,0.0999363739018203,0,0,0.433170035511019,FALSE,254,0.164363240791382,0.0689827831078527,0.0689827831078527,0
"CD014803_pub2","Self-reported depression symptoms (continuous measure)",5,-0.0661795702263648,0.361141471435396,0,0,0.854601004770669,FALSE,48,0.796094495763113,0.0302704457409728,0.0302704457409728,0
"CD014820_pub2","Acute kidney injury",126,-0.0114120902221568,0.017788200279368,0,0,0.521162838442477,FALSE,138,0.3311929535612,0.0270830144533037,0.0270830144533037,0
"CD014833_pub2","Incidence of depression immediately post-intervention",2,-0.376689049353519,0.364734612985548,0,0,0.301708872810236,FALSE,45,0.538837672615327,0.103674792667608,0.103674792667608,-8.32667268468867e-17
"CD014844_pub2","Uterine infection",6,-0.248271273193933,0.247642894609577,0.146952531340382,47.5059922959887,0.316084094207794,FALSE,247,0.476443719163504,0.131132643082992,0.0750934763165657,-0.0560391667664264
"CD014852_pub2","Disability (modified Rankin Scale 0 to 2, good status) at follow‐up ",11,-0.0580492400455068,0.379244182952618,1.17353385374003,93.8975443614641,0.878346539978931,FALSE,53,0.558632764411238,0.197474396290776,0.0317231499148885,-0.165751246375887
"CD014855_pub2","Intraperitoneal abscess",18,0.00596023916837849,0.188337601240972,0.225337930172939,37.421569263205,0.974753904113054,FALSE,90,0.644737807457424,0.0581062889079015,0.0255452084747364,-0.0325610804331652
"CD014861_pub2","Adverse events (proportion of participants with at least one AE)",2,0.43014854788572,0.81843909171423,0,0,0.599185719357653,FALSE,65,1.24926719030177,0.0530857294077782,0.0530857294077782,6.93889390390723e-18
"CD014869_pub2"," All-cause mortality (between  1 and 5 years)",8,-0.0159320784712041,0.0166846575721297,7.56669340998894e-07,0.0222029363302761,0.339631332679958,FALSE,99.5,0.153325063408672,0.0317250935050806,0.0317229649058908,-2.12859918978514e-06
"CD014872_pub2","Progression-free survival",35,-0.483012203187974,0.0488529399820134,0.0445661377688462,59.9092317361953,4.73711719686519e-23,TRUE,234,0.168552070495011,0.713996833969943,0.817450478209477,0.103453644239534
"CD014889_pub2","All-cause mortality",5,-0.780263519761503,0.266601017140923,0,0,0.0034256956264131,TRUE,64,0.648073995703352,0.224827266716832,0.224827266716832,0
"CD014891_pub2","Uncorrected distance visual acuity worse than 6/6",2,0.0548936469824858,0.0936702643198584,0,0,0.557854910197981,FALSE,127,0.164703703579983,0.0519028878945206,0.0519028878945206,0
"CD014914_pub2","Proportion of participants developing colds/URTI: primary analysis",40,0.0612355323775654,0.0512117582142163,0.0338337762372465,52.4560876026966,0.231801202937303,FALSE,89.5,0.345176579044065,0.0578432127137242,0.0373289383510209,-0.0205142743627032
"CD014920_pub2","Acute myocardial infarction (short term < 30 days)",2,-1.2249364202041,1.32764185633706,2.72076195047085,71.6317152533406,0.356194474919305,FALSE,444,0.845507971237582,0.407807029906845,0.304603407179054,-0.103203622727791
"CD014923_pub2","Gait speed - unpaired, parallel assessment < 12 months",7,0.987245933737254,0.636963206949787,2.27458269521797,88.0837381562117,0.121159241331295,FALSE,88,0.691214562572813,0.412343139334303,0.297471440006246,-0.114871699328057
"CD014935_pub2","All-cause mortality",3,0.0359365954053242,0.507336285917444,0,0,0.943529970633755,FALSE,45,0.872871919211461,0.0275052389790811,0.0275052389790811,1.04083408558608e-17
"CD014937_pub2","Acute kidney injury",43,-0.244386619115702,0.0870094892408994,0.166002331845307,79.2624379278743,0.00497365301653807,TRUE,112,0.375330333061264,0.187596803346897,0.0952942939102515,-0.0923025094366458
"CD014941_pub2","50% responder rate",2,0.779295014110472,0.136349548691536,0,0,1.09433034655772e-08,TRUE,302.5,0.195099876077624,0.97904309282923,0.97904309282923,0
"CD014944_pub2","Proportion of participants without treatment success at the longest follow-up (1–4 years)",11,-0.0329819615383896,0.103368745130456,0.0532684296563801,62.8413648581887,0.74967272769599,FALSE,79,0.2495167829589,0.0898333327997574,0.0337912395480377,-0.0560420932517197
"CD014959_pub2","All-cause mortality",2,-0.333456731715359,1.07664106866796,1.39692749879828,52.0249431527868,0.756774273850046,FALSE,459.5,1.02700428482014,0.141728231354225,0.0509956807929093,-0.0907325505613158
"CD014960_pub2","All-cause mortality",5,0.414617544182021,0.317322173830646,0,0,0.191343893702311,FALSE,173,1.13253192873336,0.0554830144404663,0.0554830144404663,-2.77555756156289e-17
"CD014964_pub2","Number of attempts until success or procedure termination",74,0.279474603111701,0.0818608577108113,0.302576525140868,92.0233186046051,0.000640118833204658,TRUE,93,0.311898154262799,0.299871437479064,0.143682571342572,-0.156188866136493
"CD014965_pub2","Irritability",4,1.34085541533326,0.57442189938611,0.941927352665612,78.1079473512863,0.0195816242540413,TRUE,35,0.515311938513259,0.61833036178902,0.739583763671722,0.121253401882703
"CD014966_pub2","Kidney graft loss",79,-0.0960033642063315,0.0356204673595778,0.0591822761936179,89.1434864297814,0.00703518425951874,TRUE,755,0.185905889536873,0.190376575170161,0.0744320140896699,-0.115944561080491
"CD014967_pub2","Proportion of infants who achieve seizure control after the first loading dose of ASM",13,-0.00555880671119645,0.170522511594575,0.292565675093039,87.3762950358006,0.973994632193395,FALSE,82,0.182574187412539,0.268588623939846,0.026833346762696,-0.24175527717715
"CD014999_pub2","Rebleeding",4,-0.359632768351975,0.272189898757619,5.50455756948752e-07,0.000153862231635551,0.186415736210549,FALSE,173,0.61657260227924,0.0843047141556923,0.084304560015061,-1.54140631314359e-07
"CD015003_pub2","All-cause mortality",9,-0.25251080909653,0.147235447122538,0.0612936259525944,39.406486231333,0.0863427149837044,FALSE,85,0.414039594591717,0.123280873416602,0.0884931053484257,-0.0347877680681766
"CD015014_pub2","ED visits (proportion of residents with at least one ED visit)",7,0.00568406391297004,0.0900898893021855,0,0,0.94969224926937,FALSE,100,0.299108711395556,0.026131525454905,0.026131525454905,0
"CD015033_pub2","All-cause mortality (range from18 months to 24 months)",3,1.23762534424414,0.918611212806361,0,0,0.177890481183498,FALSE,116,1.62258083703285,0.11561179766591,0.11561179766591,0
"CD015038_pub2","Mortality",8,-0.0945647296089166,0.0330547299361495,0.00522518066285563,75.9949013233259,0.00422502650137214,TRUE,216,0.0510276687379349,0.475453319422125,0.457490083924245,-0.0179632354978796
"CD015042_pub2","Number of continuously abstinent women",3,0.291468093379857,0.0806715378854421,0,0,0.000302648258242045,TRUE,72,0.130176822777971,0.609897854091793,0.609897854091793,1.11022302462516e-16
"CD015046_pub2","Adverse events&nbsp;",3,-0.155237342034032,0.172337224821075,1.89744134423927e-06,0.00163056489713891,0.367707103479049,FALSE,39,0.25534383768893,0.0881892288688326,0.0881860822529862,-3.14661584638332e-06
"CD015060_pub2","Proteinuria: > 50% increase from baseline",7,-0.0334297086375483,0.190555814355995,0.0784936545702482,44.9961980126987,0.860739699134738,FALSE,63,0.661392378868123,0.0393583278662872,0.0281039958662834,-0.0112543320000038
"CD015064_pub2","Pimecrolimus 1% versus vehicle",12,0.478434933854343,0.194525963929081,0.231470963724346,71.4872751212503,0.0139134034034344,TRUE,582,0.334577187266595,0.381099730392185,0.298057629447542,-0.0830421009446431
"CD015066_pub2","Personal attenuation rating (PAR; dB) (immediate, short-term, long-term)",3,2.12670441937603,0.0575895415143937,0,0,1.60319175275529e-298,TRUE,160,0.189998126215449,1,1,0
"CD015083_pub2","Referral for or receipt of any lumbar spine imaging at last follow-up within 12 months",130,-0.0602123399797914,0.0240282604983508,0.0309823216450779,62.6597157750014,0.0122141279571218,TRUE,478,0.244230145298691,0.0822586836265616,0.0433172232428786,-0.0389414603836831
"CD015084_pub2","Clinical remission",4,0.921854103806316,0.546540488087137,0.920267193361772,83.5937631137416,0.0916595516922105,FALSE,46.5,0.508931251726111,0.472237329978642,0.44093026692009,-0.0313070630585519
"CD015087_pub2","Adverse events",9,-0.20872706187305,0.152520413815992,1.9270602561601e-07,6.22880897384442e-05,0.171149724633447,FALSE,40,1.42590215060857,0.0348710949635685,0.0348710883426415,-6.62092700109973e-09
"CD015101","All symptoms",12,0.0016489743691307,0.322669567032441,1.02317215429516,93.1146595892385,0.995922499058158,FALSE,40,0.29641624393851,0.291294656762979,0.0253269093370107,-0.265967747425968
"CD015120_pub2","Smoking cessation",64,0.044261673536326,0.0622687116279169,0.0388447890736533,20.2988452701906,0.477197497907209,FALSE,501.5,0.654999880900811,0.0349831097112082,0.0292195920578906,-0.00576351765331751
"CD015122_pub2","Blood transfusion",10,-0.797767783882738,0.218040298198271,0.0992400574424151,21.6129393713679,0.000253390192149477,TRUE,156,0.687095103581279,0.233857703369659,0.212176902394931,-0.0216808009747279
"CD015123_pub2","Time to first relapse",5,-0.694015492571272,0.0952519019838568,0.0164499009200402,42.9780190785504,3.19041048282155e-13,TRUE,19,0.131853383014076,0.991058963791096,0.999522698759938,0.00846373496884278
"CD015124_pub2","Assessment of prognostic factors around breast cancer diagnosis",25,-0.298112665161748,0.0859189125161553,0.0883536886845849,95.0944098255049,0.000521044174732246,TRUE,0,0.312999749581422,0.232517845266161,0.156840892568443,-0.0756769526977181
"CD015134_pub2","Infant hospitalisation with laboratory-confirmed RSV disease",3,-0.641421518864563,0.185705877704352,0.0277537737318396,22.2701746455068,0.000552409978659158,TRUE,4527,0.273469382740904,0.629016339145098,0.650078592081358,0.0210622529362599
"CD015140_pub2","Overall survival (OS) - fixed-effect model",7,-0.341482074844272,0.170228593632874,0.109128856930226,59.4814861706171,0.0448540443547797,TRUE,222,0.280299944604449,0.315662516696594,0.22913752995944,-0.0865249867371537
"CD015160_pub2","Surgical site infections (as defined by the included studies) within 30 days of repair",10,0.283629436717227,0.203437783473535,0.128440080063615,35.1480638754403,0.163262443011705,FALSE,110.5,0.468878297917985,0.140833059396601,0.0877002691682037,-0.053132790228397
"CD015192_pub2","Graft infection rate",14,-0.418290845345005,0.216566913803793,1.7950112182209e-08,2.60532874120102e-06,0.053425898117845,FALSE,177.5,1.10587602765399,0.056856742440653,0.0568567411151013,-1.32555168924631e-09
"CD015213_pub2","Time to wound healing",7,0.467399399967282,0.259685995705343,0.152896991933643,42.034771808033,0.0718821609161582,FALSE,115,0.842613649957902,0.101208286816493,0.0799716805726463,-0.0212366062438463
"CD015215_pub2","Return to normal hearing, randomised by ear (medium-term)",9,0.115340305370642,0.0825955663346898,0.0318389808535516,79.7302062224432,0.162580022900409,FALSE,30,0.164247064233408,0.197163396305415,0.104245188489091,-0.0929182078163241
"CD015219_pub2","All-cause mortality – at 28 to 30 days, or in‐hospital",45,-0.18209259635418,0.134524130954185,0.299607146835708,57.2299959296189,0.175862288340555,FALSE,148,1.47439802137517,0.0425666774938079,0.0331447545175133,-0.00942192297629459
"CD015252_pub2","Proportion of children whose hearing has returned to normal",5,0.11199112497271,0.0821597532301254,7.16836167362409e-07,0.00183264736772594,0.172854198063034,FALSE,72,0.206496299030577,0.0781519722569494,0.078150231881595,-1.74037535448368e-06
"CD015254_pub2","Normal hearing (as complete improvement in air-bone gap in worst ear): short-term",2,1.85797237454944,0.353945052282598,0.0245015108053785,9.61977814728892,1.52658097482182e-07,TRUE,88.5,0.478586953410557,0.966150364463894,0.972712242987527,0.00656187852363288
"CD015255_pub2","Normal hearing (very short-term - up to 6 weeks)",2,-0.251172550136238,0.4599840908779,0.392272480914485,92.6289943866139,0.585034202099722,FALSE,221.5,0.173493796933457,0.445617275434117,0.304244387818,-0.141372887616117
"CD015284_pub2","Seizure frequency per month",5,0.118657098910722,0.067168345161664,0.00734432305350055,37.8440111450982,0.0773014780540227,FALSE,360,0.186669247251145,0.114384545033965,0.0927000981467268,-0.0216844468872383
"CD015314_pub2","Tobacco cessation at longest follow-up",49,0.297773383764545,0.0576371705673418,0.076554480797687,65.013984888098,2.38718739307063e-07,TRUE,201,0.30930711465436,0.228659087600979,0.159320881561324,-0.0693382060396552
"CD015328_pub2","BMI short-term",4,-0.312021613441241,0.214919611644444,0.0269632622421916,13.8475907607097,0.14655551405741,FALSE,NA,0.381682850164592,0.146979728543634,0.126628363759449,-0.0203513647841848
"CD015350_pub2","Days to healing",4,0.652794265836512,0.362052460397263,0.328455946386075,71.167659321141,0.0713822809522606,FALSE,69.5,0.441052302557898,0.384886919702501,0.315656213701014,-0.0692307060014866
"CD015373_pub2","Pain intensity (continuous), immediate-term follow-up",2,0.740674633427588,0.486764518997718,0,0,0.128102259952776,FALSE,35,0.717457077368734,0.176806748308981,0.176806748308981,-2.77555756156289e-17
"CD015387_pub2","Good functional outcome at the end of scheduled follow-up",33,0.272576602761664,0.045363527706997,0.0222368320246902,51.3773966941009,1.86997139160952e-09,TRUE,108,0.333632318193472,0.148363006764465,0.126526149334873,-0.0218368574295917
"CD015395_pub3","All-cause mortality at day 28",2,-1.5194632467729,1.33334655605863,2.56932960223355,68.2722303114409,0.254458764928547,FALSE,1244,0.999120498659498,0.408150791180112,0.330271646993385,-0.0778791441867273
"CD015432_pub2","Pain intensity – as reported by the child, less than 2 hours postintervention",3,-0.537210613454217,0.128662674440323,0,0,2.97539265702557e-05,TRUE,80,0.214150553803213,0.708360402793431,0.708360402793431,0
"CD015443_pub2","Relapse (12 months)",16,-0.107010782171487,0.123508408465987,0.132031241325661,69.6836994174757,0.386257097541106,FALSE,404.5,0.261327094626016,0.182658234191513,0.0605138736271641,-0.122144360564348
"CD015462_pub2","All-cause mortality prior to hospital discharge",2,0.10966794293575,0.252703864344362,0,0,0.664304344207877,FALSE,198,0.36500115097684,0.0485070556667749,0.0485070556667749,0
"CD015476_pub2","Adenoma detection rate",36,0.151072361553325,0.0203346746660112,0.00699308482064708,57.1838079138905,1.09175382606501e-13,TRUE,649,0.0894319138635153,0.421624222570195,0.393303364485542,-0.0283208580846526
"CD015495","Overall survival (hazard ratio) in people aged 65 years and older, at any time point",18,-0.26481326499736,0.0676681107033916,0.0536002365359286,67.9402941397622,9.10006913874161e-05,TRUE,257,0.172573073653949,0.399642124935318,0.335248989393913,-0.0643931355414047
"CD015520","CRF ≤ 12 weeks ",2,-0.811710020184426,0.590572511479497,0,0,0.169303266831855,FALSE,93,0.835195655299046,0.16155577886014,0.16155577886014,0
"CD015530_pub2","Incidence of herpes zoster (up to 21 months after final dose)",5,-0.545184242515005,0.294201365056536,0.15136399265699,36.2957534203445,0.0638681764164228,FALSE,418,0.740935268337129,0.139220382891593,0.11044622269849,-0.028774160193103
"CD015532","Overall mortality",22,-0.0688569620079188,0.0723751063400939,0.020433062801357,19.0100829989593,0.341406367568212,FALSE,99.5,0.309253874413268,0.0573983535719555,0.0411663348500632,-0.0162320187218924
"CD015536_pub2","All-cause mortality",11,-0.441894280721536,0.337721858309231,0.442627616010984,40.0184080367986,0.190718599958262,FALSE,145,1.05743290793903,0.0959085478028445,0.0615282265301961,-0.0343803212726484
"CD015551_pub2","Incidence of herpes zoster (up to 29.4 months after final dose)",5,-0.76225171260487,0.474469642198777,0.878176011036866,93.5014805226178,0.108156584252453,FALSE,1188,0.245671299160654,0.614012616700944,0.873432125963894,0.25941950926295
"CD015573","Recurrence",2,1.19998095231051,1.13843715968433,0,0,0.291855496330109,FALSE,60,1.6100573048392,0.112247758349831,0.112247758349831,0
"CD015584_pub2","Pain: during tenaculum placement",17,0.000800351541669237,0.0077827495723105,0,0,0.918092652869333,FALSE,90,0.047153577872128,0.0260086415704914,0.0260086415704914,0
"CD015588_pub2","All-cause death",17,-0.165341944615704,0.0550858045983837,0.0120966577653865,32.0118844254583,0.00268622571988785,TRUE,467,0.618176267138311,0.0478240085895147,0.0452756570240172,-0.00254835156549749
"CD015592_pub3","Successful lumbar puncture procedure at the first attempt",3,-0.0694365731555204,0.122183100653813,0.0351647209202836,80.0699656777495,0.569831739907962,FALSE,171,0.0916435345990373,0.29878578150974,0.114626970914734,-0.184158810595006
"CD015636_pub2","All serotypes",7,-1.47472205098121,0.114383995628475,0,0,4.94609353800071e-38,TRUE,0,0.289540013152462,0.999135923043223,0.999135923043223,0
"CD015673_pub2","Number of participants with continuous abstinence",8,0.114432684368499,0.0946474340321997,0.0230136013189428,49.3264921671493,0.226646866576756,FALSE,186,0.318970259910448,0.0740888756533729,0.0546654963584246,-0.0194233792949483
"CD015698_pub2","Overall survival (Subgroup analysis: IPC Types)",8,-0.503588797959998,0.131026351057506,0,0,0.000121333450845073,TRUE,NA,0.373209997894355,0.270725706917941,0.270725706917941,-5.55111512312578e-17
"CD015701_pub2","HIV acquisition",5,0.00431669691494281,0.0998528296540911,0.0192632730440508,42.7971719028176,0.965517719178208,FALSE,5127,0.122848190794124,0.101022011470017,0.0271255951540827,-0.073896416315934
"CD015711_pub2","Spectacle independence for near vision",2,0.0659192804672988,0.0668205917533823,0,0,0.323882187553675,FALSE,100,0.104386607808948,0.0920110732166751,0.0920110732166751,0
"CD015721_pub2","Functional independence: mRS score < 3 within 90 days",6,0.0166404362092582,0.0338578302522798,0.00201603162313027,28.6182587309238,0.623087207343329,FALSE,351.5,0.094134696871812,0.0537556750545609,0.0372775781683159,-0.016478096886245
"CD015746_pub2","Acute typhoid fever",26,-1.36439092614175,0.245096815097286,0.952723188436621,89.7224036448518,2.59545076637316e-08,TRUE,1484,0.955101222760724,0.355066587800282,0.297559102246527,-0.0575074855537548
"CD015779","Recurrence of rheumatic fever",8,-1.3923472337713,0.371494407241823,0.298455633347633,29.5481375880335,0.000178276658032391,TRUE,139,1.17612981966216,0.240748811092207,0.218837316441368,-0.0219114946508387
"CD015786_pub2","Overall survival",7,-0.152602211004358,0.0948428627903287,0,0,0.107616238396597,FALSE,514,0.281633895905303,0.0780781664229462,0.0780781664229462,0
"CD015788_pub2","Difference in mean change in adherence",3,0.905924128644778,0.623982411437949,1.06467410411471,98.7759315729708,0.146545428355801,FALSE,92,0.0837988147341159,0.763141028420648,1,0.236858971579352
"CD015802_pub2","Intermittent hypoxemia (IH): number of episodes in the 7 days after treatment discontinued",3,0.201093002102569,0.765453320371409,1.55738764239586,89.3923446160852,0.792773342930247,FALSE,120,0.450308338673369,0.303740608168951,0.0650894698542766,-0.238651138314675
"CD015820_pub2","Objective adherence (1 week to 3 months)",2,3.0575726221882,0.203696771606549,0,0,6.27559542213489e-51,TRUE,170.5,0.722121953867433,0.988522595616519,0.988522595616519,0
"CD015824_pub2","Clinical worsening",12,-0.364340463499069,0.115007318501323,0.0783605409045102,69.0158211144439,0.00153504014526194,TRUE,262.5,0.203516676827857,0.460245904851465,0.432607360446281,-0.0276385444051839
"CD015849_pub2","All-cause death",26,-0.15606187810087,0.0542907243402461,0.0103869620131075,21.2636024093899,0.00404592457233017,TRUE,277,1.3904428977668,0.0326804661715311,0.032321066651731,-0.000359399519800102
"CD015854","Achievement of definitions of improvement (assessed with IMACS DOI, measured at 8 weeks) ",8,-0.334163979913968,0.159078854807424,0,0,0.0356744717509592,TRUE,19.5,0.642239122432746,0.0749827785320742,0.0749827785320742,0
"CD015855","Improvement in function or disability (assessed with change in NSS, ADL and HAQ) ",6,0.11971339914245,0.406825353281004,0.795401421182791,89.8641504196263,0.768557412488775,FALSE,44,0.522363059078415,0.190858916913543,0.0417448479673813,-0.149114068946162
"CD015894_pub2","Pain assessed with a validated scale for procedural pain in newborns during the procedure",2,-0.159550121069387,0.43027281729298,0,0,0.710777914049588,FALSE,50.5,0.891631750970931,0.0374544069669518,0.0374544069669518,0
"CD015932_pub2","All-cause mortality",15,0.0421021360806722,0.105306596740411,0.0175565524972322,10.9563464756174,0.689299922706156,FALSE,124,0.490788047306126,0.035194603220939,0.0304528634844752,-0.00474173973646386
"CD016058_pub2","Vaping cessation at 6 months or longer",6,0.293026400800365,0.0524727761546438,0,0,2.34574505387828e-08,TRUE,78.5,0.531255547268454,0.0795077151402622,0.0795077151402622,0
"CD016064","Rate of falls",196,-0.207166132012307,0.0331758306247873,0.162168048471176,88.5934439507727,4.25185995782307e-10,TRUE,174.5,0.220000221169482,0.312702083563229,0.154267539165205,-0.158434544398024
"CD016119","Requirement for blood transfusion",16,0.291077410455992,0.148920878852167,0.105389579020543,34.8183213354275,0.0506329501530163,FALSE,241,0.551338512169176,0.108603192142628,0.0760694535558422,-0.0325337385867863
"CD016120","Allogenic (donor) blood transfusion",3,-0.852620709927053,0.611936902924374,0.534296513407425,40.3080804022487,0.163524633687944,FALSE,68,1.03256466341879,0.177288064303702,0.128348427488397,-0.0489396368153059
"CD016131","RSV-associated lower respiratory tract illness",14,-0.769944091683111,0.168217322062111,0.268458439557053,74.2037892734876,4.71511833049479e-06,TRUE,1201,0.350264023561426,0.553067118736765,0.594144019491284,0.041076900754519
"CD016136","Implementation outcome",46,0.366223819425402,0.0795754369703948,0.160517126293966,71.7260622213317,4.18007485796262e-06,TRUE,48,0.33308103376829,0.29113143104408,0.194767675600969,-0.0963637554431108
"CD016147","Manual removal of the placenta (end of treatment)",7,-0.129101728954342,0.0715796220226159,3.65106837795552e-06,0.009446796979742,0.0712924522311524,FALSE,99,0.213805424757668,0.0875365866269816,0.0875279727380383,-8.61388894332626e-06
"CD016148","2nd degree tears",17,-0.0389767448189089,0.0246401231906325,0.000436672233709809,3.88966891942128,0.113685986510014,FALSE,198,0.251003655199012,0.0360521802567913,0.0355623535372986,-0.000489826719492784
"CD016211","Maternal sepsis",4,-0.424176099918067,0.0828007620113221,0,0,3.00947588651337e-07,TRUE,6227,0.506898531286762,0.130685355582411,0.130685355582411,0
"CD016278","Estimated blood loss ≥ 1000ml",4,-0.0501089723629944,0.0702436606230153,0.0066711440369629,37.719288627176,0.475623417984014,FALSE,1859,0.210163737291501,0.0542890920578999,0.0425768268716271,-0.0117122651862728
